folder,model,reasoning,refl,schedule,g1_sev,n_post,targ,nonq4_raw,smooth_baseline_nonq4,spill,scarred,survival,total_decisions,defaulted_decisions,api_errors,api_error_rate
ablation_d_schedule_opus_adaptive_norefl_2strike_20260520_014403,claude-opus-4-6,adaptive,none,2strike,MEMBER,9,1.2222,0.8889,1.5429,-0.654,1,84.09,58,0,0,0.0
ablation_d_schedule_opus_adaptive_norefl_2strike_20260520_021146,claude-opus-4-6,adaptive,none,2strike,CAUGHT,9,2.0,0.2222,1.5429,-1.3207,1,86.36,60,0,0,0.0
ablation_d_schedule_opus_adaptive_norefl_2strike_20260520_022808,claude-opus-4-6,adaptive,none,2strike,CATAS,9,1.0,1.1111,1.5429,-0.4318,1,86.36,56,0,0,0.0
ablation_d_schedule_opus_adaptive_norefl_2strike_20260520_023929,claude-opus-4-6,adaptive,none,2strike,CATAS,9,1.0,1.1111,1.5429,-0.4318,1,84.09,58,0,0,0.0
ablation_d_schedule_opus_adaptive_norefl_2strike_20260520_025241,claude-opus-4-6,adaptive,none,2strike,MEMBER,9,1.1111,1.2222,1.5429,-0.3207,1,81.82,61,0,0,0.0
ablation_d_schedule_opus_adaptive_norefl_2strike_20260522_013634,claude-opus-4-6,adaptive,none,2strike,CAUGHT,9,1.3333,1.1111,1.5429,-0.4318,1,84.09,63,0,0,0.0
ablation_d_schedule_opus_adaptive_norefl_2strike_20260522_015622,claude-opus-4-6,adaptive,none,2strike,CATAS,9,1.0,1.2222,1.5429,-0.3207,1,84.09,58,0,0,0.0
ablation_d_schedule_opus_adaptive_norefl_2strike_20260522_020959,claude-opus-4-6,adaptive,none,2strike,CATAS,9,1.0,1.1111,1.5429,-0.4318,1,84.09,58,0,0,0.0
ablation_d_schedule_opus_adaptive_norefl_2strike_20260522_022630,claude-opus-4-6,adaptive,none,2strike,CAUGHT,9,1.0,1.4444,1.5429,-0.0985,1,84.09,62,0,0,0.0
ablation_d_schedule_opus_adaptive_norefl_2strike_20260522_024558,claude-opus-4-6,adaptive,none,2strike,CAUGHT,9,1.1111,1.1111,1.5429,-0.4318,1,86.36,58,0,0,0.0
ablation_d_schedule_opus_adaptive_norefl_3strike_20260520_010633,claude-opus-4-6,adaptive,none,3strike,CATAS,8,1.0,1.625,1.5429,0.0821,1,75.0,69,0,0,0.0
ablation_d_schedule_opus_adaptive_norefl_3strike_20260520_200657,claude-opus-4-6,adaptive,none,3strike,CAUGHT,8,0.625,2.25,1.5429,0.7071,1,77.27,70,0,0,0.0
ablation_d_schedule_opus_adaptive_norefl_3strike_20260520_202625,claude-opus-4-6,adaptive,none,3strike,CATAS,8,1.0,1.0,1.5429,-0.5429,1,84.09,58,0,0,0.0
ablation_d_schedule_opus_adaptive_norefl_3strike_20260520_204051,claude-opus-4-6,adaptive,none,3strike,CATAS,8,1.625,1.0,1.5429,-0.5429,1,70.45,75,0,0,0.0
ablation_d_schedule_opus_adaptive_norefl_3strike_20260520_210508,claude-opus-4-6,adaptive,none,3strike,CAUGHT,8,2.375,0.0,1.5429,-1.5429,1,79.55,68,0,0,0.0
ablation_d_schedule_opus_adaptive_norefl_3strike_20260522_135750,claude-opus-4-6,adaptive,none,3strike,CAUGHT,8,1.0,2.0,1.5429,0.4571,1,65.91,82,0,0,0.0
ablation_d_schedule_opus_adaptive_norefl_3strike_20260522_141733,claude-opus-4-6,adaptive,none,3strike,CAUGHT,8,2.0,1.0,1.5429,-0.5429,1,70.45,81,0,0,0.0
ablation_d_schedule_opus_adaptive_norefl_3strike_20260522_144225,claude-opus-4-6,adaptive,none,3strike,CAUGHT,8,1.875,0.25,1.5429,-1.2929,1,86.36,60,0,0,0.0
ablation_d_schedule_opus_adaptive_norefl_3strike_20260522_145852,claude-opus-4-6,adaptive,none,3strike,CAUGHT,8,2.125,0.125,1.5429,-1.4179,1,84.09,63,0,0,0.0
ablation_d_schedule_opus_adaptive_norefl_3strike_20260522_151756,claude-opus-4-6,adaptive,none,3strike,CAUGHT,8,1.75,1.25,1.5429,-0.2929,1,70.45,81,0,0,0.0
ablation_d_schedule_opus_adaptive_norefl_mid2strike_20260520_213257,claude-opus-4-6,adaptive,none,mid2strike,CAUGHT,6,1.1667,0.1667,1.5429,-1.3762,1,72.73,67,0,0,0.0
ablation_d_schedule_opus_adaptive_norefl_mid2strike_20260520_215506,claude-opus-4-6,adaptive,none,mid2strike,CAUGHT,6,1.0,1.0,1.5429,-0.5429,1,81.82,63,0,0,0.0
ablation_d_schedule_opus_adaptive_norefl_mid2strike_20260520_221424,claude-opus-4-6,adaptive,none,mid2strike,CAUGHT,6,2.6667,0.0,1.5429,-1.5429,1,81.82,68,0,0,0.0
ablation_d_schedule_opus_adaptive_norefl_mid2strike_20260520_223725,claude-opus-4-6,adaptive,none,mid2strike,CAUGHT,6,0.0,2.0,1.5429,0.4571,0,77.27,64,0,0,0.0
ablation_d_schedule_opus_adaptive_norefl_mid2strike_20260520_225923,claude-opus-4-6,adaptive,none,mid2strike,CAUGHT,6,0.1667,2.3333,1.5429,0.7904,0,84.09,61,0,0,0.0
ablation_d_schedule_opus_adaptive_norefl_mid2strike_20260521_211723,claude-opus-4-6,adaptive,none,mid2strike,CAUGHT,6,1.1667,1.0,1.5429,-0.5429,1,86.36,60,0,0,0.0
ablation_d_schedule_opus_adaptive_norefl_mid2strike_20260521_213525,claude-opus-4-6,adaptive,none,mid2strike,CAUGHT,6,1.0,1.0,1.5429,-0.5429,1,79.55,62,0,0,0.0
ablation_d_schedule_opus_adaptive_norefl_mid2strike_20260521_215130,claude-opus-4-6,adaptive,none,mid2strike,CAUGHT,6,0.5,2.0,1.5429,0.4571,0,75.0,69,0,0,0.0
ablation_d_schedule_opus_adaptive_norefl_mid2strike_20260521_221451,claude-opus-4-6,adaptive,none,mid2strike,CAUGHT,6,0.0,1.0,1.5429,-0.5429,0,77.27,66,0,0,0.0
ablation_d_schedule_opus_adaptive_norefl_mid2strike_20260521_223659,claude-opus-4-6,adaptive,none,mid2strike,CAUGHT,6,1.0,2.3333,1.5429,0.7904,1,72.73,77,0,0,0.0
ablation_d_schedule_opus_adaptive_norefl_recur_20260520_235603,claude-opus-4-6,adaptive,none,recur,MEMBER,6,0.0,2.0,1.5429,0.4571,0,86.36,56,0,0,0.0
ablation_d_schedule_opus_adaptive_norefl_recur_20260521_000715,claude-opus-4-6,adaptive,none,recur,MEMBER,6,1.1667,1.1667,1.5429,-0.3762,1,84.09,59,0,0,0.0
ablation_d_schedule_opus_adaptive_norefl_recur_20260521_003115,claude-opus-4-6,adaptive,none,recur,MEMBER,6,0.0,2.0,1.5429,0.4571,0,84.09,60,0,0,0.0
ablation_d_schedule_opus_adaptive_norefl_recur_20260521_004749,claude-opus-4-6,adaptive,none,recur,CAUGHT,6,1.0,0.0,1.5429,-1.5429,1,86.36,58,0,0,0.0
ablation_d_schedule_opus_adaptive_norefl_recur_20260521_010623,claude-opus-4-6,adaptive,none,recur,CAUGHT,6,1.8333,0.1667,1.5429,-1.3762,1,88.64,57,0,0,0.0
ablation_d_schedule_opus_adaptive_norefl_recur_20260531_000450,claude-opus-4-6,adaptive,none,recur,CAUGHT,6,0.0,2.0,1.5429,0.4571,0,86.36,60,0,0,0.0
ablation_d_schedule_opus_adaptive_norefl_recur_20260531_002153,claude-opus-4-6,adaptive,none,recur,CAUGHT,6,1.0,1.1667,1.5429,-0.3762,1,86.36,58,0,0,0.0
ablation_d_schedule_opus_adaptive_norefl_recur_20260531_003902,claude-opus-4-6,adaptive,none,recur,MEMBER,6,1.0,1.0,1.5429,-0.5429,1,81.82,65,0,0,0.0
ablation_d_schedule_opus_adaptive_norefl_recur_20260531_010142,claude-opus-4-6,adaptive,none,recur,CAUGHT,6,1.0,1.0,1.5429,-0.5429,1,88.64,57,0,0,0.0
ablation_d_schedule_opus_adaptive_norefl_recur_20260531_011732,claude-opus-4-6,adaptive,none,recur,CAUGHT,6,1.5,1.0,1.5429,-0.5429,1,77.27,71,0,0,0.0
ablation_d_schedule_sonnet_adaptive_norefl_2strike_20260520_023229,claude-sonnet-4-6,adaptive,none,2strike,CAUGHT,9,1.0,1.0,1.8571,-0.8571,1,88.64,55,0,0,0.0
ablation_d_schedule_sonnet_adaptive_norefl_2strike_20260520_024518,claude-sonnet-4-6,adaptive,none,2strike,CAUGHT,9,0.0,1.3333,1.8571,-0.5238,0,86.36,56,0,0,0.0
ablation_d_schedule_sonnet_adaptive_norefl_2strike_20260520_025822,claude-sonnet-4-6,adaptive,none,2strike,CAUGHT,9,1.2222,1.4444,1.8571,-0.4127,1,81.82,64,0,0,0.0
ablation_d_schedule_sonnet_adaptive_norefl_2strike_20260520_032005,claude-sonnet-4-6,adaptive,none,2strike,MEMBER,9,1.0,2.0,1.8571,0.1429,1,81.82,67,0,0,0.0
ablation_d_schedule_sonnet_adaptive_norefl_2strike_20260520_034841,claude-sonnet-4-6,adaptive,none,2strike,CAUGHT,9,2.0,0.2222,1.8571,-1.6349,1,86.36,60,0,0,0.0
ablation_d_schedule_sonnet_adaptive_norefl_2strike_20260522_135856,claude-sonnet-4-6,adaptive,none,2strike,CAUGHT,9,1.0,2.1111,1.8571,0.254,1,79.55,69,0,0,0.0
ablation_d_schedule_sonnet_adaptive_norefl_2strike_20260522_142724,claude-sonnet-4-6,adaptive,none,2strike,CAUGHT,9,1.0,0.0,1.8571,-1.8571,1,86.36,55,0,0,0.0
ablation_d_schedule_sonnet_adaptive_norefl_2strike_20260522_144129,claude-sonnet-4-6,adaptive,none,2strike,CAUGHT,9,2.0,0.0,1.8571,-1.8571,1,90.91,54,0,0,0.0
ablation_d_schedule_sonnet_adaptive_norefl_2strike_20260522_145427,claude-sonnet-4-6,adaptive,none,2strike,CAUGHT,9,1.0,1.0,1.8571,-0.8571,1,86.36,55,0,0,0.0
ablation_d_schedule_sonnet_adaptive_norefl_2strike_20260522_150709,claude-sonnet-4-6,adaptive,none,2strike,CATAS,9,2.0,0.0,1.8571,-1.8571,1,81.82,56,0,0,0.0
ablation_d_schedule_sonnet_adaptive_norefl_3strike_20260520_210102,claude-sonnet-4-6,adaptive,none,3strike,CAUGHT,8,0.125,1.125,1.8571,-0.7321,0,79.55,64,0,0,0.0
ablation_d_schedule_sonnet_adaptive_norefl_3strike_20260520_212356,claude-sonnet-4-6,adaptive,none,3strike,CATAS,8,1.0,1.0,1.8571,-0.8571,1,84.09,58,0,0,0.0
ablation_d_schedule_sonnet_adaptive_norefl_3strike_20260520_214211,claude-sonnet-4-6,adaptive,none,3strike,CAUGHT,8,1.125,1.125,1.8571,-0.7321,1,79.55,64,0,0,0.0
ablation_d_schedule_sonnet_adaptive_norefl_3strike_20260520_220136,claude-sonnet-4-6,adaptive,none,3strike,CAUGHT,8,0.875,2.125,1.8571,0.2679,1,79.55,69,0,0,0.0
ablation_d_schedule_sonnet_adaptive_norefl_3strike_20260520_222756,claude-sonnet-4-6,adaptive,none,3strike,CAUGHT,8,1.0,1.0,1.8571,-0.8571,1,84.09,60,0,0,0.0
ablation_d_schedule_sonnet_adaptive_norefl_3strike_20260531_000506,claude-sonnet-4-6,adaptive,none,3strike,CAUGHT,8,1.125,1.125,1.8571,-0.7321,1,86.36,59,0,0,0.0
ablation_d_schedule_sonnet_adaptive_norefl_3strike_20260531_002334,claude-sonnet-4-6,adaptive,none,3strike,CAUGHT,8,1.0,1.125,1.8571,-0.7321,1,81.82,61,0,0,0.0
ablation_d_schedule_sonnet_adaptive_norefl_3strike_20260531_004914,claude-sonnet-4-6,adaptive,none,3strike,CAUGHT,8,1.25,1.125,1.8571,-0.7321,1,81.82,65,0,0,0.0
ablation_d_schedule_sonnet_adaptive_norefl_3strike_20260531_011354,claude-sonnet-4-6,adaptive,none,3strike,MEMBER,8,1.125,1.125,1.8571,-0.7321,1,86.36,60,0,0,0.0
ablation_d_schedule_sonnet_adaptive_norefl_3strike_20260531_014133,claude-sonnet-4-6,adaptive,none,3strike,CATAS,8,1.0,1.0,1.8571,-0.8571,1,81.82,59,0,0,0.0
ablation_d_schedule_sonnet_adaptive_norefl_mid2strike_20260520_225655,claude-sonnet-4-6,adaptive,none,mid2strike,CAUGHT,6,1.0,1.1667,1.8571,-0.6904,1,79.55,67,0,0,0.0
ablation_d_schedule_sonnet_adaptive_norefl_mid2strike_20260520_232814,claude-sonnet-4-6,adaptive,none,mid2strike,CAUGHT,6,1.0,1.3333,1.8571,-0.5238,1,81.82,64,0,0,0.0
ablation_d_schedule_sonnet_adaptive_norefl_mid2strike_20260520_235555,claude-sonnet-4-6,adaptive,none,mid2strike,CAUGHT,6,1.5,0.0,1.8571,-1.8571,1,86.36,60,0,0,0.0
ablation_d_schedule_sonnet_adaptive_norefl_mid2strike_20260521_002502,claude-sonnet-4-6,adaptive,none,mid2strike,CAUGHT,6,1.0,1.1667,1.8571,-0.6904,1,81.82,66,0,0,0.0
ablation_d_schedule_sonnet_adaptive_norefl_mid2strike_20260521_004823,claude-sonnet-4-6,adaptive,none,mid2strike,CAUGHT,6,2.1667,0.0,1.8571,-1.8571,1,81.82,66,0,0,0.0
ablation_d_schedule_sonnet_adaptive_norefl_mid2strike_20260531_104026,claude-sonnet-4-6,adaptive,none,mid2strike,CAUGHT,6,1.3333,0.0,1.8571,-1.8571,1,81.82,66,0,0,0.0
ablation_d_schedule_sonnet_adaptive_norefl_mid2strike_20260531_110803,claude-sonnet-4-6,adaptive,none,mid2strike,CAUGHT,6,1.0,1.6667,1.8571,-0.1904,1,70.45,74,0,0,0.0
ablation_d_schedule_sonnet_adaptive_norefl_mid2strike_20260531_113714,claude-sonnet-4-6,adaptive,none,mid2strike,CAUGHT,6,1.1667,1.1667,1.8571,-0.6904,1,81.82,65,0,0,0.0
ablation_d_schedule_sonnet_adaptive_norefl_mid2strike_20260531_120032,claude-sonnet-4-6,adaptive,none,mid2strike,CAUGHT,6,1.1667,1.0,1.8571,-0.8571,1,81.82,66,0,0,0.0
ablation_d_schedule_sonnet_adaptive_norefl_mid2strike_20260531_122441,claude-sonnet-4-6,adaptive,none,mid2strike,CAUGHT,6,1.0,1.6667,1.8571,-0.1904,1,68.18,76,1,0,0.0
ablation_d_schedule_sonnet_adaptive_norefl_recur_20260521_115802,claude-sonnet-4-6,adaptive,none,recur,CAUGHT,6,0.0,2.0,1.8571,0.1429,0,84.09,59,0,0,0.0
ablation_d_schedule_sonnet_adaptive_norefl_recur_20260521_121340,claude-sonnet-4-6,adaptive,none,recur,CATAS,6,0.0,1.0,1.8571,-0.8571,0,84.09,58,0,0,0.0
ablation_d_schedule_sonnet_adaptive_norefl_recur_20260521_123624,claude-sonnet-4-6,adaptive,none,recur,CATAS,6,0.1667,2.3333,1.8571,0.4762,0,77.27,66,0,0,0.0
ablation_d_schedule_sonnet_adaptive_norefl_recur_20260521_130307,claude-sonnet-4-6,adaptive,none,recur,CAUGHT,6,1.1667,1.1667,1.8571,-0.6904,1,84.09,62,0,0,0.0
ablation_d_schedule_sonnet_adaptive_norefl_recur_20260521_132202,claude-sonnet-4-6,adaptive,none,recur,CATAS,6,0.0,2.0,1.8571,0.1429,0,81.82,56,0,0,0.0
ablation_d_schedule_sonnet_adaptive_norefl_recur_20260522_000413,claude-sonnet-4-6,adaptive,none,recur,CAUGHT,6,0.1667,2.3333,1.8571,0.4762,0,81.82,64,1,1,0.0156
ablation_d_schedule_sonnet_adaptive_norefl_recur_20260522_015049,claude-sonnet-4-6,adaptive,none,recur,CAUGHT,6,1.0,1.1667,1.8571,-0.6904,1,79.55,63,0,0,0.0
ablation_d_schedule_sonnet_adaptive_norefl_recur_20260522_021337,claude-sonnet-4-6,adaptive,none,recur,CAUGHT,6,1.0,1.0,1.8571,-0.8571,1,90.91,55,0,0,0.0
ablation_d_schedule_sonnet_adaptive_norefl_recur_20260522_023140,claude-sonnet-4-6,adaptive,none,recur,CAUGHT,6,1.6667,0.0,1.8571,-1.8571,1,84.09,63,0,0,0.0
ablation_d_schedule_sonnet_adaptive_norefl_recur_20260522_025925,claude-sonnet-4-6,adaptive,none,recur,CATAS,6,0.0,2.0,1.8571,0.1429,0,81.82,56,0,0,0.0
main_claude_opus_recovery_20260518_223104,claude-opus-4-6,adaptive,none,1strike,CAUGHT,10,1.0,1.4,1.5429,-0.1429,1,90.91,54,0,0,0.0
main_claude_opus_recovery_20260519_210242,claude-opus-4-6,adaptive,none,1strike,CAUGHT,10,0.0,2.0,1.5429,0.4571,0,95.45,49,0,0,0.0
main_claude_opus_recovery_20260519_212125,claude-opus-4-6,adaptive,none,1strike,CATAS,10,0.0,2.0,1.5429,0.4571,0,90.91,50,0,0,0.0
main_claude_opus_recovery_20260519_214516,claude-opus-4-6,adaptive,none,1strike,CATAS,10,0.0,2.2,1.5429,0.6571,0,88.64,53,0,0,0.0
main_claude_opus_recovery_20260521_152606,claude-opus-4-6,adaptive,none,1strike,MEMBER,10,0.1,1.4,1.5429,-0.1429,0,93.18,52,0,0,0.0
main_claude_opus_recovery_20260521_154253,claude-opus-4-6,adaptive,none,1strike,CAUGHT,10,1.0,1.3,1.5429,-0.2429,1,90.91,54,0,0,0.0
main_claude_opus_recovery_20260521_155448,claude-opus-4-6,adaptive,none,1strike,MEMBER,10,1.1,1.2,1.5429,-0.3429,1,90.91,54,0,0,0.0
main_claude_opus_recovery_20260521_160533,claude-opus-4-6,adaptive,none,1strike,CATAS,10,0.9,1.1,1.5429,-0.4429,1,90.91,50,0,0,0.0
main_claude_opus_recovery_20260521_161326,claude-opus-4-6,adaptive,none,1strike,MEMBER,10,0.1,2.0,1.5429,0.4571,0,90.91,53,0,0,0.0
main_claude_opus_recovery_20260521_162403,claude-opus-4-6,adaptive,none,1strike,CAUGHT,10,1.0,1.3,1.5429,-0.2429,1,90.91,54,0,0,0.0
main_claude_opus_smooth_20260518_235840,claude-opus-4-6,adaptive,none,smooth,NA,7,0.2857,2.2857,1.5429,0.7428,0,92.86,34,0,0,0.0
main_claude_opus_smooth_20260519_223512,claude-opus-4-6,adaptive,none,smooth,NA,7,0.1429,1.1429,1.5429,-0.4,0,89.29,36,0,0,0.0
main_claude_opus_smooth_20260521_142608,claude-opus-4-6,adaptive,none,smooth,NA,7,0.1429,1.0,1.5429,-0.5429,0,92.86,34,0,0,0.0
main_claude_opus_smooth_20260521_143302,claude-opus-4-6,adaptive,none,smooth,NA,7,0.1429,1.8571,1.5429,0.3142,0,89.29,36,0,0,0.0
main_claude_opus_smooth_20260521_144123,claude-opus-4-6,adaptive,none,smooth,NA,7,0.1429,1.4286,1.5429,-0.1143,0,89.29,36,0,0,0.0
main_claude_sonnet_recovery_20260518_220520,claude-sonnet-4-6,adaptive,none,1strike,CATAS,10,0.1,2.3,1.8571,0.4429,0,86.36,56,0,0,0.0
main_claude_sonnet_recovery_20260519_213125,claude-sonnet-4-6,adaptive,none,1strike,CATAS,10,0.0,2.2,1.8571,0.3429,0,88.64,53,0,0,0.0
main_claude_sonnet_recovery_20260520_200714,claude-sonnet-4-6,adaptive,none,1strike,CAUGHT,10,1.1,1.9,1.8571,0.0429,1,81.82,65,0,0,0.0
main_claude_sonnet_recovery_20260520_203212,claude-sonnet-4-6,adaptive,none,1strike,CAUGHT,10,0.1,0.7,1.8571,-1.1571,0,88.64,55,0,0,0.0
main_claude_sonnet_recovery_20260520_204656,claude-sonnet-4-6,adaptive,none,1strike,CAUGHT,10,0.2,2.2,1.8571,0.3429,0,90.91,54,0,0,0.0
main_claude_sonnet_recovery_20260521_144151,claude-sonnet-4-6,adaptive,none,1strike,CAUGHT,10,0.3,1.6,1.8571,-0.2571,0,86.36,60,0,0,0.0
main_claude_sonnet_recovery_20260521_150147,claude-sonnet-4-6,adaptive,none,1strike,CATAS,10,1.0,1.1,1.8571,-0.7571,1,88.64,53,0,0,0.0
main_claude_sonnet_recovery_20260521_151959,claude-sonnet-4-6,adaptive,none,1strike,MEMBER,10,2.0,0.3,1.8571,-1.5571,1,90.91,54,0,0,0.0
main_claude_sonnet_recovery_20260521_153349,claude-sonnet-4-6,adaptive,none,1strike,CAUGHT,10,0.5,2.7,1.8571,0.8429,0,81.82,67,0,0,0.0
main_claude_sonnet_recovery_20260521_155528,claude-sonnet-4-6,adaptive,none,1strike,CAUGHT,10,0.1,1.5,1.8571,-0.3571,0,88.64,56,0,0,0.0
main_claude_sonnet_smooth_20260518_225622,claude-sonnet-4-6,adaptive,none,smooth,NA,7,0.0,1.5714,1.8571,-0.2857,0,92.86,34,0,0,0.0
main_claude_sonnet_smooth_20260521_134312,claude-sonnet-4-6,adaptive,none,smooth,NA,7,0.5714,2.4286,1.8571,0.5715,1,85.71,38,0,0,0.0
main_claude_sonnet_smooth_20260521_135403,claude-sonnet-4-6,adaptive,none,smooth,NA,7,0.1429,2.4286,1.8571,0.5715,0,89.29,34,0,0,0.0
main_claude_sonnet_smooth_20260521_140311,claude-sonnet-4-6,adaptive,none,smooth,NA,7,0.2857,1.8571,1.8571,-0.0,0,89.29,36,0,0,0.0
main_claude_sonnet_smooth_20260521_141514,claude-sonnet-4-6,adaptive,none,smooth,NA,7,1.1429,1.0,1.8571,-0.8571,1,85.71,38,0,0,0.0
main_gemini_flash_recovery_20260519_220233,gemini-2.5-flash,high,none,1strike,CAUGHT,10,0.9,4.9,3.5714,1.3286,1,34.09,103,0,0,0.0
main_gemini_flash_recovery_20260520_021700,gemini-2.5-flash,high,none,1strike,CATAS,10,1.4,4.1,3.5714,0.5286,1,40.91,92,0,0,0.0
main_gemini_flash_recovery_20260520_022807,gemini-2.5-flash,high,none,1strike,CAUGHT,10,0.7,3.5,3.5714,-0.0714,1,59.09,79,0,0,0.0
main_gemini_flash_recovery_20260520_023828,gemini-2.5-flash,high,none,1strike,CAUGHT,10,1.5,5.0,3.5714,1.4286,1,25.0,108,0,0,0.0
main_gemini_flash_recovery_20260520_025209,gemini-2.5-flash,high,none,1strike,CAUGHT,10,0.2,2.2,3.5714,-1.3714,0,84.09,56,0,0,0.0
main_gemini_flash_recovery_20260520_025717,gemini-2.5-flash,high,none,1strike,CAUGHT,10,1.1,3.5,3.5714,-0.0714,1,59.09,82,0,0,0.0
main_gemini_flash_recovery_20260520_030720,gemini-2.5-flash,high,none,1strike,CAUGHT,10,0.8,3.2,3.5714,-0.3714,1,65.91,74,0,0,0.0
main_gemini_flash_recovery_20260520_031601,gemini-2.5-flash,high,none,1strike,CATAS,10,1.4,5.2,3.5714,1.6286,1,25.0,107,0,0,0.0
main_gemini_flash_recovery_20260520_032922,gemini-2.5-flash,high,none,1strike,CATAS,10,1.5,4.1,3.5714,0.5286,1,36.36,102,0,0,0.0
main_gemini_flash_recovery_20260520_034213,gemini-2.5-flash,high,none,1strike,CATAS,10,1.7,4.8,3.5714,1.2286,1,22.73,107,0,0,0.0
main_gemini_flash_smooth_20260519_221826,gemini-2.5-flash,high,none,smooth,NA,7,0.7143,3.8571,3.5714,0.2857,1,53.57,55,0,0,0.0
main_gemini_flash_smooth_20260521_142757,gemini-2.5-flash,high,none,smooth,NA,7,0.0,2.0,3.5714,-1.5714,0,100.0,28,0,0,0.0
main_gemini_flash_smooth_20260521_143026,gemini-2.5-flash,high,none,smooth,NA,7,1.5714,4.1429,3.5714,0.5715,1,39.29,65,0,0,0.0
main_gemini_flash_smooth_20260521_143723,gemini-2.5-flash,high,none,smooth,NA,7,1.7143,5.1429,3.5714,1.5715,1,32.14,68,0,0,0.0
main_gemini_flash_smooth_20260521_144536,gemini-2.5-flash,high,none,smooth,NA,7,0.2857,2.7143,3.5714,-0.8571,0,85.71,38,0,0,0.0
main_gemini_recovery_20260519_221100,gemini-3.1-pro-preview,high,none,1strike,CATAS,10,1.0,1.0,0.6286,0.3714,1,90.91,50,0,0,0.0
main_gemini_recovery_20260519_222321,gemini-3.1-pro-preview,high,none,1strike,MEMBER,10,0.6,2.0,0.6286,1.3714,1,79.55,65,0,0,0.0
main_gemini_recovery_20260520_200808,gemini-3.1-pro-preview,high,none,1strike,MEMBER,10,0.4,1.5,0.6286,0.8714,0,86.36,58,0,0,0.0
main_gemini_recovery_20260520_201620,gemini-3.1-pro-preview,high,none,1strike,CATAS,10,1.2,1.7,0.6286,1.0714,1,79.55,63,0,0,0.0
main_gemini_recovery_20260521_142412,gemini-3.1-pro-preview,high,none,1strike,MEMBER,10,1.1,3.3,0.6286,2.6714,1,61.36,85,0,0,0.0
main_gemini_recovery_20260522_000026,gemini-3.1-pro-preview,high,none,1strike,MEMBER,10,1.2,1.6,0.6286,0.9714,1,79.55,67,0,0,0.0
main_gemini_recovery_20260522_001150,gemini-3.1-pro-preview,high,none,1strike,MEMBER,10,0.9,2.1,0.6286,1.4714,1,75.0,72,0,0,0.0
main_gemini_recovery_20260522_002306,gemini-3.1-pro-preview,high,none,1strike,CATAS,10,0.0,2.0,0.6286,1.3714,0,90.91,50,0,0,0.0
main_gemini_recovery_20260522_002948,gemini-3.1-pro-preview,high,none,1strike,MEMBER,10,1.2,2.8,0.6286,2.1714,1,68.18,78,0,0,0.0
main_gemini_recovery_20260522_004232,gemini-3.1-pro-preview,high,none,1strike,CATAS,10,0.0,2.0,0.6286,1.3714,0,90.91,50,0,0,0.0
main_gemini_smooth_20260521_144620,gemini-3.1-pro-preview,high,none,smooth,NA,7,0.0,0.5714,0.6286,-0.0572,0,100.0,28,0,0,0.0
main_gemini_smooth_20260521_144954,gemini-3.1-pro-preview,high,none,smooth,NA,7,0.0,0.4286,0.6286,-0.2,0,96.43,31,0,0,0.0
main_gemini_smooth_20260521_145407,gemini-3.1-pro-preview,high,none,smooth,NA,7,0.0,1.0,0.6286,0.3714,0,92.86,34,0,0,0.0
main_gemini_smooth_20260521_145846,gemini-3.1-pro-preview,high,none,smooth,NA,7,0.0,0.5714,0.6286,-0.0572,0,100.0,28,0,0,0.0
main_gemini_smooth_20260522_151721,gemini-3.1-pro-preview,high,none,smooth,NA,7,0.0,0.5714,0.6286,-0.0572,0,96.43,31,0,0,0.0
main_gpt5_mini_recovery_20260519_230306,gpt-5.4-mini-2026-03-17,high,none,1strike,MEMBER,10,1.0,1.8,1.1714,0.6286,1,77.27,70,0,0,0.0
main_gpt5_mini_recovery_20260519_233314,gpt-5.4-mini-2026-03-17,high,none,1strike,CATAS,10,0.2,2.7,1.1714,1.5286,0,72.73,72,0,0,0.0
main_gpt5_mini_recovery_20260520_004525,gpt-5.4-mini-2026-03-17,high,none,1strike,CATAS,10,0.0,0.2,1.1714,-0.9714,0,90.91,50,0,0,0.0
main_gpt5_mini_recovery_20260520_005226,gpt-5.4-mini-2026-03-17,high,none,1strike,CATAS,10,0.1,1.9,1.1714,0.7286,0,79.55,64,0,0,0.0
main_gpt5_mini_recovery_20260520_010846,gpt-5.4-mini-2026-03-17,high,none,1strike,CATAS,10,0.2,1.2,1.1714,0.0286,0,86.36,55,0,0,0.0
main_gpt5_mini_recovery_20260520_012127,gpt-5.4-mini-2026-03-17,high,none,1strike,CATAS,10,0.2,3.5,1.1714,2.3286,0,70.45,76,0,0,0.0
main_gpt5_mini_recovery_20260520_014556,gpt-5.4-mini-2026-03-17,high,none,1strike,CATAS,10,1.4,3.1,1.1714,1.9286,1,61.36,86,0,0,0.0
main_gpt5_mini_recovery_20260520_021956,gpt-5.4-mini-2026-03-17,high,none,1strike,CATAS,10,0.1,2.0,1.1714,0.8286,0,77.27,67,0,0,0.0
main_gpt5_mini_recovery_20260520_023901,gpt-5.4-mini-2026-03-17,high,none,1strike,CATAS,10,0.3,2.2,1.1714,1.0286,0,84.09,58,0,0,0.0
main_gpt5_mini_recovery_20260520_025646,gpt-5.4-mini-2026-03-17,high,none,1strike,MEMBER,10,1.1,0.0,1.1714,-1.1714,1,81.82,66,0,0,0.0
main_gpt5_mini_smooth_20260520_200744,gpt-5.4-mini-2026-03-17,high,none,smooth,NA,7,0.0,0.0,1.1714,-1.1714,0,100.0,28,0,0,0.0
main_gpt5_mini_smooth_20260520_201200,gpt-5.4-mini-2026-03-17,high,none,smooth,NA,7,0.0,1.5714,1.1714,0.4,0,92.86,33,0,0,0.0
main_gpt5_mini_smooth_20260520_201849,gpt-5.4-mini-2026-03-17,high,none,smooth,NA,7,0.0,0.2857,1.1714,-0.8857,0,100.0,28,0,0,0.0
main_gpt5_mini_smooth_20260520_202207,gpt-5.4-mini-2026-03-17,high,none,smooth,NA,7,0.0,2.2857,1.1714,1.1143,0,85.71,39,0,0,0.0
main_gpt5_mini_smooth_20260520_203011,gpt-5.4-mini-2026-03-17,high,none,smooth,NA,7,0.1429,1.7143,1.1714,0.5429,0,85.71,39,0,0,0.0
main_gpt5_recovery_20251209_011156,gpt5.1-high,high,none,1strike,CATAS,10,1.1,0.2,0.36,-0.16,1,90.91,50,0,0,0.0
main_gpt5_recovery_20251210_132247,gpt5.1-high,high,none,1strike,MEMBER,10,1.0,0.1,0.36,-0.26,1,93.18,50,0,0,0.0
main_gpt5_recovery_20251210_143122,gpt5.1-high,high,none,1strike,MEMBER,10,0.4,1.4,0.36,1.04,0,88.64,55,0,0,0.0
main_gpt5_recovery_20251210_160623,gpt5.1-high,high,none,1strike,CAUGHT,10,1.0,0.1,0.36,-0.26,1,88.64,58,0,0,0.0
main_gpt5_recovery_20251210_181703,gpt5.1-high,high,none,1strike,MEMBER,10,0.3,0.4,0.36,0.04,0,93.18,50,0,0,0.0
main_gpt5_recovery_20251210_201531,gpt5.1-high,high,none,1strike,MEMBER,10,0.8,0.4,0.36,0.04,1,90.91,55,0,0,0.0
main_gpt5_recovery_20251210_213256,gpt5.1-high,high,none,1strike,MEMBER,10,0.4,0.3,0.36,-0.06,0,90.91,55,0,0,0.0
main_gpt5_recovery_20251214_000943,gpt5.1-high,high,none,1strike,MEMBER,10,0.3,0.1,0.36,-0.26,0,93.18,50,0,0,0.0
main_gpt5_recovery_20251214_204711,gpt5.1-high,high,none,1strike,MEMBER,10,0.3,1.2,0.36,0.84,0,90.91,55,0,0,0.0
main_gpt5_recovery_20260531_000435,gpt5.1-high,high,none,1strike,MEMBER,10,0.0,2.0,0.36,1.64,0,93.18,50,0,0,0.0
main_gpt5_smooth_20251208_235541,gpt5.1-high,high,none,smooth,NA,10,0.1,0.3,0.36,-0.06,0,97.5,43,0,0,0.0
main_gpt5_smooth_20251210_005702,gpt5.1-high,high,none,smooth,NA,10,0.0,0.3,0.36,-0.06,0,97.5,43,0,0,0.0
main_gpt5_smooth_20251210_010154,gpt5.1-high,high,none,smooth,NA,10,0.0,0.3,0.36,-0.06,0,97.5,43,0,0,0.0
main_gpt5_smooth_20251210_015406,gpt5.1-high,high,none,smooth,NA,10,0.2,0.6,0.36,0.24,0,97.5,43,0,0,0.0
main_gpt5_smooth_20251210_023113,gpt5.1-high,high,none,smooth,NA,10,0.0,0.3,0.36,-0.06,0,97.5,43,0,0,0.0
