folder,model,scenario,game_id,agent_id,category,rel_count,proc_count,text_len
ablation_reflection_opus_adaptive_refl_recovery_20260520_003419,claude-opus-4-6,recovery,20260520_003419,A,RELATIONAL,13,6,1933
ablation_reflection_opus_adaptive_refl_recovery_20260520_003419,claude-opus-4-6,recovery,20260520_003419,B,PROCEDURAL,3,7,2033
ablation_reflection_opus_adaptive_refl_recovery_20260520_003419,claude-opus-4-6,recovery,20260520_003419,C,RELATIONAL,6,2,1977
ablation_reflection_opus_adaptive_refl_recovery_20260520_003419,claude-opus-4-6,recovery,20260520_003810,A,PROCEDURAL,2,3,2056
ablation_reflection_opus_adaptive_refl_recovery_20260520_003419,claude-opus-4-6,recovery,20260520_003810,B,PROCEDURAL,1,2,1997
ablation_reflection_opus_adaptive_refl_recovery_20260520_003419,claude-opus-4-6,recovery,20260520_003810,C,RELATIONAL,3,1,2158
ablation_reflection_opus_adaptive_refl_recovery_20260520_003419,claude-opus-4-6,recovery,20260520_004038,A,RELATIONAL,5,3,2086
ablation_reflection_opus_adaptive_refl_recovery_20260520_003419,claude-opus-4-6,recovery,20260520_004038,B,RELATIONAL,3,2,2066
ablation_reflection_opus_adaptive_refl_recovery_20260520_003419,claude-opus-4-6,recovery,20260520_004038,C,PROCEDURAL,1,4,2126
ablation_reflection_opus_adaptive_refl_recovery_20260520_003419,claude-opus-4-6,recovery,20260520_004201,A,RELATIONAL,3,1,2006
ablation_reflection_opus_adaptive_refl_recovery_20260520_003419,claude-opus-4-6,recovery,20260520_004201,B,MIXED,4,3,1986
ablation_reflection_opus_adaptive_refl_recovery_20260520_003419,claude-opus-4-6,recovery,20260520_004201,C,PROCEDURAL,2,5,2107
ablation_reflection_opus_adaptive_refl_recovery_20260520_003419,claude-opus-4-6,recovery,20260520_004307,A,RELATIONAL,3,2,2084
ablation_reflection_opus_adaptive_refl_recovery_20260520_003419,claude-opus-4-6,recovery,20260520_004307,B,RELATIONAL,5,2,1976
ablation_reflection_opus_adaptive_refl_recovery_20260520_003419,claude-opus-4-6,recovery,20260520_004307,C,PROCEDURAL,2,4,1999
ablation_reflection_opus_adaptive_refl_recovery_20260520_003419,claude-opus-4-6,recovery,20260520_004357,A,MIXED,3,3,2020
ablation_reflection_opus_adaptive_refl_recovery_20260520_003419,claude-opus-4-6,recovery,20260520_004357,B,MIXED,4,3,1851
ablation_reflection_opus_adaptive_refl_recovery_20260520_003419,claude-opus-4-6,recovery,20260520_004357,C,PROCEDURAL,2,5,1955
ablation_reflection_opus_adaptive_refl_recovery_20260520_003419,claude-opus-4-6,recovery,20260520_004448,A,PROCEDURAL,2,3,1979
ablation_reflection_opus_adaptive_refl_recovery_20260520_003419,claude-opus-4-6,recovery,20260520_004448,B,MIXED,4,3,1935
ablation_reflection_opus_adaptive_refl_recovery_20260520_003419,claude-opus-4-6,recovery,20260520_004448,C,PROCEDURAL,2,3,1883
ablation_reflection_opus_adaptive_refl_recovery_20260520_003419,claude-opus-4-6,recovery,20260520_004551,A,MIXED,3,4,1932
ablation_reflection_opus_adaptive_refl_recovery_20260520_003419,claude-opus-4-6,recovery,20260520_004551,B,RELATIONAL,2,1,1831
ablation_reflection_opus_adaptive_refl_recovery_20260520_003419,claude-opus-4-6,recovery,20260520_004551,C,MIXED,3,3,1921
ablation_reflection_opus_adaptive_refl_recovery_20260520_003419,claude-opus-4-6,recovery,20260520_004635,A,RELATIONAL,3,1,1836
ablation_reflection_opus_adaptive_refl_recovery_20260520_003419,claude-opus-4-6,recovery,20260520_004635,B,RELATIONAL,6,3,1791
ablation_reflection_opus_adaptive_refl_recovery_20260520_003419,claude-opus-4-6,recovery,20260520_004635,C,RELATIONAL,5,1,2004
ablation_reflection_opus_adaptive_refl_recovery_20260520_003419,claude-opus-4-6,recovery,20260520_004723,A,MIXED,3,4,1993
ablation_reflection_opus_adaptive_refl_recovery_20260520_003419,claude-opus-4-6,recovery,20260520_004723,B,RELATIONAL,6,1,1746
ablation_reflection_opus_adaptive_refl_recovery_20260520_003419,claude-opus-4-6,recovery,20260520_004723,C,RELATIONAL,6,2,2066
ablation_reflection_opus_adaptive_refl_recovery_20260520_003419,claude-opus-4-6,recovery,20260520_004810,A,RELATIONAL,5,2,2073
ablation_reflection_opus_adaptive_refl_recovery_20260520_003419,claude-opus-4-6,recovery,20260520_004810,B,RELATIONAL,6,1,1881
ablation_reflection_opus_adaptive_refl_recovery_20260520_003419,claude-opus-4-6,recovery,20260520_004810,C,RELATIONAL,5,1,2054
rough_start_high_reflection_max_20251209_011228,gpt5.1-high,recovery,20251209_011228,A,RELATIONAL,4,2,1678
rough_start_high_reflection_max_20251209_011228,gpt5.1-high,recovery,20251209_011228,B,PROCEDURAL,0,3,1432
rough_start_high_reflection_max_20251209_011228,gpt5.1-high,recovery,20251209_011228,C,RELATIONAL,5,1,1681
rough_start_high_reflection_max_20251209_011228,gpt5.1-high,recovery,20251209_012030,A,MIXED,2,2,1699
rough_start_high_reflection_max_20251209_011228,gpt5.1-high,recovery,20251209_012030,B,MIXED,5,4,1659
rough_start_high_reflection_max_20251209_011228,gpt5.1-high,recovery,20251209_012030,C,RELATIONAL,7,1,1628
rough_start_high_reflection_max_20251209_011228,gpt5.1-high,recovery,20251209_012344,A,RELATIONAL,2,1,1675
rough_start_high_reflection_max_20251209_011228,gpt5.1-high,recovery,20251209_012344,B,MIXED,3,3,1699
rough_start_high_reflection_max_20251209_011228,gpt5.1-high,recovery,20251209_012344,C,RELATIONAL,5,1,1651
rough_start_high_reflection_max_20251209_011228,gpt5.1-high,recovery,20251209_012654,A,MIXED,1,1,1709
rough_start_high_reflection_max_20251209_011228,gpt5.1-high,recovery,20251209_012654,B,MIXED,2,2,1653
rough_start_high_reflection_max_20251209_011228,gpt5.1-high,recovery,20251209_012654,C,RELATIONAL,5,1,1553
rough_start_high_reflection_max_20251209_011228,gpt5.1-high,recovery,20251209_013057,A,PROCEDURAL,1,3,1665
rough_start_high_reflection_max_20251209_011228,gpt5.1-high,recovery,20251209_013057,B,RELATIONAL,3,0,1608
rough_start_high_reflection_max_20251209_011228,gpt5.1-high,recovery,20251209_013057,C,RELATIONAL,5,3,1568
rough_start_high_reflection_max_20251209_011228,gpt5.1-high,recovery,20251209_013312,A,RELATIONAL,2,0,1875
rough_start_high_reflection_max_20251209_011228,gpt5.1-high,recovery,20251209_013312,B,MIXED,2,2,1577
rough_start_high_reflection_max_20251209_011228,gpt5.1-high,recovery,20251209_013312,C,RELATIONAL,3,2,1567
rough_start_high_reflection_max_20251209_011228,gpt5.1-high,recovery,20251209_013556,A,RELATIONAL,2,1,1544
rough_start_high_reflection_max_20251209_011228,gpt5.1-high,recovery,20251209_013556,B,RELATIONAL,2,1,1485
rough_start_high_reflection_max_20251209_011228,gpt5.1-high,recovery,20251209_013556,C,RELATIONAL,5,1,1583
rough_start_high_reflection_max_20251209_011228,gpt5.1-high,recovery,20251209_013818,A,RELATIONAL,4,2,1487
rough_start_high_reflection_max_20251209_011228,gpt5.1-high,recovery,20251209_013818,B,MIXED,2,2,1485
rough_start_high_reflection_max_20251209_011228,gpt5.1-high,recovery,20251209_013818,C,RELATIONAL,6,1,1510
rough_start_high_reflection_max_20251209_011228,gpt5.1-high,recovery,20251209_014020,A,RELATIONAL,2,0,1319
rough_start_high_reflection_max_20251209_011228,gpt5.1-high,recovery,20251209_014020,B,RELATIONAL,2,0,1505
rough_start_high_reflection_max_20251209_011228,gpt5.1-high,recovery,20251209_014020,C,RELATIONAL,6,1,1606
rough_start_high_reflection_max_20251209_011228,gpt5.1-high,recovery,20251209_014246,A,RELATIONAL,1,0,1447
rough_start_high_reflection_max_20251209_011228,gpt5.1-high,recovery,20251209_014246,B,RELATIONAL,4,1,1702
rough_start_high_reflection_max_20251209_011228,gpt5.1-high,recovery,20251209_014246,C,RELATIONAL,3,0,1677
rough_start_high_reflection_max_20251209_011228,gpt5.1-high,recovery,20251209_014530,A,RELATIONAL,1,0,1358
rough_start_high_reflection_max_20251209_011228,gpt5.1-high,recovery,20251209_014530,B,RELATIONAL,3,1,1574
rough_start_high_reflection_max_20251209_011228,gpt5.1-high,recovery,20251209_014530,C,RELATIONAL,3,0,1594
rough_start_high_reflection_max_20251209_020902,gpt5.1-high,recovery,20251209_020902,A,PROCEDURAL,2,3,1805
rough_start_high_reflection_max_20251209_020902,gpt5.1-high,recovery,20251209_020902,B,RELATIONAL,8,2,1788
rough_start_high_reflection_max_20251209_020902,gpt5.1-high,recovery,20251209_020902,C,RELATIONAL,4,1,1487
rough_start_high_reflection_max_20251209_020902,gpt5.1-high,recovery,20251209_022311,A,MIXED,2,2,1598
rough_start_high_reflection_max_20251209_020902,gpt5.1-high,recovery,20251209_022311,B,RELATIONAL,7,1,1745
rough_start_high_reflection_max_20251209_020902,gpt5.1-high,recovery,20251209_022311,C,RELATIONAL,3,1,1519
rough_start_high_reflection_max_20251209_020902,gpt5.1-high,recovery,20251209_022718,A,PROCEDURAL,1,4,1578
rough_start_high_reflection_max_20251209_020902,gpt5.1-high,recovery,20251209_022718,B,RELATIONAL,2,0,1680
rough_start_high_reflection_max_20251209_020902,gpt5.1-high,recovery,20251209_022718,C,MIXED,3,4,1574
rough_start_high_reflection_max_20251209_020902,gpt5.1-high,recovery,20251209_023017,A,MIXED,3,3,1638
rough_start_high_reflection_max_20251209_020902,gpt5.1-high,recovery,20251209_023017,B,RELATIONAL,2,1,1755
rough_start_high_reflection_max_20251209_020902,gpt5.1-high,recovery,20251209_023017,C,MIXED,4,3,1557
rough_start_high_reflection_max_20251209_020902,gpt5.1-high,recovery,20251209_023424,A,MIXED,3,3,1739
rough_start_high_reflection_max_20251209_020902,gpt5.1-high,recovery,20251209_023424,B,RELATIONAL,6,1,1689
rough_start_high_reflection_max_20251209_020902,gpt5.1-high,recovery,20251209_023424,C,RELATIONAL,3,2,1545
rough_start_high_reflection_max_20251209_020902,gpt5.1-high,recovery,20251209_023845,A,MIXED,2,2,1721
rough_start_high_reflection_max_20251209_020902,gpt5.1-high,recovery,20251209_023845,B,RELATIONAL,3,0,1884
rough_start_high_reflection_max_20251209_020902,gpt5.1-high,recovery,20251209_023845,C,RELATIONAL,6,1,1653
rough_start_high_reflection_max_20251209_020902,gpt5.1-high,recovery,20251209_024320,A,RELATIONAL,4,1,1745
rough_start_high_reflection_max_20251209_020902,gpt5.1-high,recovery,20251209_024320,B,RELATIONAL,4,0,1856
rough_start_high_reflection_max_20251209_020902,gpt5.1-high,recovery,20251209_024320,C,RELATIONAL,4,1,1540
rough_start_high_reflection_max_20251209_020902,gpt5.1-high,recovery,20251209_024720,A,RELATIONAL,5,1,1738
rough_start_high_reflection_max_20251209_020902,gpt5.1-high,recovery,20251209_024720,B,RELATIONAL,3,0,1576
rough_start_high_reflection_max_20251209_020902,gpt5.1-high,recovery,20251209_024720,C,RELATIONAL,4,0,1566
rough_start_high_reflection_max_20251209_020902,gpt5.1-high,recovery,20251209_025012,A,RELATIONAL,5,1,1490
rough_start_high_reflection_max_20251209_020902,gpt5.1-high,recovery,20251209_025012,B,RELATIONAL,3,1,1600
rough_start_high_reflection_max_20251209_020902,gpt5.1-high,recovery,20251209_025012,C,RELATIONAL,3,0,1475
rough_start_high_reflection_max_20251209_020902,gpt5.1-high,recovery,20251209_025257,A,RELATIONAL,4,2,1594
rough_start_high_reflection_max_20251209_020902,gpt5.1-high,recovery,20251209_025257,B,RELATIONAL,2,1,1461
rough_start_high_reflection_max_20251209_020902,gpt5.1-high,recovery,20251209_025257,C,RELATIONAL,3,0,1656
rough_start_high_reflection_max_20251209_020902,gpt5.1-high,recovery,20251209_025616,A,RELATIONAL,6,2,1690
rough_start_high_reflection_max_20251209_020902,gpt5.1-high,recovery,20251209_025616,B,RELATIONAL,2,0,1685
rough_start_high_reflection_max_20251209_020902,gpt5.1-high,recovery,20251209_025616,C,RELATIONAL,4,0,1707
rough_start_high_reflection_max_20251209_184200,gpt5.1-high,recovery,20251209_184200,A,RELATIONAL,2,0,1647
rough_start_high_reflection_max_20251209_184200,gpt5.1-high,recovery,20251209_184200,B,MIXED,3,4,1597
rough_start_high_reflection_max_20251209_184200,gpt5.1-high,recovery,20251209_184200,C,RELATIONAL,5,2,1494
rough_start_high_reflection_max_20251209_184200,gpt5.1-high,recovery,20251209_185132,A,PROCEDURAL,1,2,1480
rough_start_high_reflection_max_20251209_184200,gpt5.1-high,recovery,20251209_185132,B,PROCEDURAL,1,3,1793
rough_start_high_reflection_max_20251209_184200,gpt5.1-high,recovery,20251209_185132,C,RELATIONAL,3,1,1620
rough_start_high_reflection_max_20251209_184200,gpt5.1-high,recovery,20251209_185434,A,PROCEDURAL,1,2,1449
rough_start_high_reflection_max_20251209_184200,gpt5.1-high,recovery,20251209_185434,B,PROCEDURAL,1,2,1588
rough_start_high_reflection_max_20251209_184200,gpt5.1-high,recovery,20251209_185434,C,RELATIONAL,6,1,1648
rough_start_high_reflection_max_20251209_184200,gpt5.1-high,recovery,20251209_185657,A,MIXED,1,1,1667
rough_start_high_reflection_max_20251209_184200,gpt5.1-high,recovery,20251209_185657,B,RELATIONAL,3,2,1850
rough_start_high_reflection_max_20251209_184200,gpt5.1-high,recovery,20251209_185657,C,RELATIONAL,3,1,1556
rough_start_high_reflection_max_20251209_184200,gpt5.1-high,recovery,20251209_190018,A,MIXED,1,1,1626
rough_start_high_reflection_max_20251209_184200,gpt5.1-high,recovery,20251209_190018,B,PROCEDURAL,2,4,1664
rough_start_high_reflection_max_20251209_184200,gpt5.1-high,recovery,20251209_190018,C,RELATIONAL,3,1,1494
rough_start_high_reflection_max_20251209_184200,gpt5.1-high,recovery,20251209_190412,A,PROCEDURAL,0,1,1576
rough_start_high_reflection_max_20251209_184200,gpt5.1-high,recovery,20251209_190412,B,RELATIONAL,2,1,1604
rough_start_high_reflection_max_20251209_184200,gpt5.1-high,recovery,20251209_190412,C,RELATIONAL,2,0,1551
rough_start_high_reflection_max_20251209_184200,gpt5.1-high,recovery,20251209_190750,A,RELATIONAL,2,0,1581
rough_start_high_reflection_max_20251209_184200,gpt5.1-high,recovery,20251209_190750,B,RELATIONAL,3,2,1835
rough_start_high_reflection_max_20251209_184200,gpt5.1-high,recovery,20251209_190750,C,RELATIONAL,1,0,1717
rough_start_high_reflection_max_20251209_184200,gpt5.1-high,recovery,20251209_191055,A,PROCEDURAL,0,2,1753
rough_start_high_reflection_max_20251209_184200,gpt5.1-high,recovery,20251209_191055,B,RELATIONAL,3,0,1671
rough_start_high_reflection_max_20251209_184200,gpt5.1-high,recovery,20251209_191055,C,RELATIONAL,1,0,1632
rough_start_high_reflection_max_20251209_184200,gpt5.1-high,recovery,20251209_191424,A,MIXED,2,2,1497
rough_start_high_reflection_max_20251209_184200,gpt5.1-high,recovery,20251209_191424,B,RELATIONAL,3,0,1714
rough_start_high_reflection_max_20251209_184200,gpt5.1-high,recovery,20251209_191424,C,MIXED,1,1,1806
rough_start_high_reflection_max_20251209_184200,gpt5.1-high,recovery,20251209_191734,A,RELATIONAL,2,1,1586
rough_start_high_reflection_max_20251209_184200,gpt5.1-high,recovery,20251209_191734,B,RELATIONAL,3,0,1513
rough_start_high_reflection_max_20251209_184200,gpt5.1-high,recovery,20251209_191734,C,RELATIONAL,1,0,1679
rough_start_high_reflection_max_20251209_184200,gpt5.1-high,recovery,20251209_192224,A,MIXED,1,1,1782
rough_start_high_reflection_max_20251209_184200,gpt5.1-high,recovery,20251209_192224,B,RELATIONAL,2,0,1583
rough_start_high_reflection_max_20251209_184200,gpt5.1-high,recovery,20251209_192224,C,RELATIONAL,2,0,1705
rough_start_high_reflection_max_20251209_200028,gpt5.1-high,recovery,20251209_200028,A,RELATIONAL,9,5,1629
rough_start_high_reflection_max_20251209_200028,gpt5.1-high,recovery,20251209_200028,B,RELATIONAL,4,1,1584
rough_start_high_reflection_max_20251209_200028,gpt5.1-high,recovery,20251209_200028,C,RELATIONAL,10,3,1529
rough_start_high_reflection_max_20251209_200028,gpt5.1-high,recovery,20251209_200858,A,RELATIONAL,1,0,1725
rough_start_high_reflection_max_20251209_200028,gpt5.1-high,recovery,20251209_200858,B,MIXED,1,1,1722
rough_start_high_reflection_max_20251209_200028,gpt5.1-high,recovery,20251209_200858,C,RELATIONAL,8,3,1491
rough_start_high_reflection_max_20251209_200028,gpt5.1-high,recovery,20251209_201428,A,PROCEDURAL,0,1,1633
rough_start_high_reflection_max_20251209_200028,gpt5.1-high,recovery,20251209_201428,B,PROCEDURAL,2,3,1646
rough_start_high_reflection_max_20251209_200028,gpt5.1-high,recovery,20251209_201428,C,MIXED,3,3,1581
rough_start_high_reflection_max_20251209_200028,gpt5.1-high,recovery,20251209_202254,A,RELATIONAL,3,0,1713
rough_start_high_reflection_max_20251209_200028,gpt5.1-high,recovery,20251209_202254,B,RELATIONAL,3,1,1596
rough_start_high_reflection_max_20251209_200028,gpt5.1-high,recovery,20251209_202254,C,MIXED,3,4,1663
rough_start_high_reflection_max_20251209_200028,gpt5.1-high,recovery,20251209_202811,A,RELATIONAL,3,0,1659
rough_start_high_reflection_max_20251209_200028,gpt5.1-high,recovery,20251209_202811,B,RELATIONAL,3,1,1806
rough_start_high_reflection_max_20251209_200028,gpt5.1-high,recovery,20251209_202811,C,RELATIONAL,4,2,1611
rough_start_high_reflection_max_20251209_200028,gpt5.1-high,recovery,20251209_203205,A,RELATIONAL,5,0,1747
rough_start_high_reflection_max_20251209_200028,gpt5.1-high,recovery,20251209_203205,B,RELATIONAL,2,1,1759
rough_start_high_reflection_max_20251209_200028,gpt5.1-high,recovery,20251209_203205,C,MIXED,4,3,1777
rough_start_high_reflection_max_20251209_200028,gpt5.1-high,recovery,20251209_203454,A,RELATIONAL,7,4,1717
rough_start_high_reflection_max_20251209_200028,gpt5.1-high,recovery,20251209_203454,B,MIXED,1,1,1713
rough_start_high_reflection_max_20251209_200028,gpt5.1-high,recovery,20251209_203454,C,RELATIONAL,7,3,1845
rough_start_high_reflection_max_20251209_200028,gpt5.1-high,recovery,20251209_203825,A,RELATIONAL,9,1,1794
rough_start_high_reflection_max_20251209_200028,gpt5.1-high,recovery,20251209_203825,B,RELATIONAL,4,1,1666
rough_start_high_reflection_max_20251209_200028,gpt5.1-high,recovery,20251209_203825,C,RELATIONAL,2,1,1682
rough_start_high_reflection_max_20251209_200028,gpt5.1-high,recovery,20251209_204051,A,RELATIONAL,8,0,1679
rough_start_high_reflection_max_20251209_200028,gpt5.1-high,recovery,20251209_204051,B,RELATIONAL,2,0,1534
rough_start_high_reflection_max_20251209_200028,gpt5.1-high,recovery,20251209_204051,C,RELATIONAL,3,2,1589
rough_start_high_reflection_max_20251209_200028,gpt5.1-high,recovery,20251209_204511,A,RELATIONAL,4,1,1574
rough_start_high_reflection_max_20251209_200028,gpt5.1-high,recovery,20251209_204511,B,RELATIONAL,4,0,1701
rough_start_high_reflection_max_20251209_200028,gpt5.1-high,recovery,20251209_204511,C,RELATIONAL,3,1,1651
rough_start_high_reflection_max_20251209_200028,gpt5.1-high,recovery,20251209_204802,A,RELATIONAL,6,0,1708
rough_start_high_reflection_max_20251209_200028,gpt5.1-high,recovery,20251209_204802,B,RELATIONAL,2,0,1544
rough_start_high_reflection_max_20251209_200028,gpt5.1-high,recovery,20251209_204802,C,RELATIONAL,3,2,1605
rough_start_high_reflection_max_20251210_012625,gpt5.1-high,recovery,20251210_012625,A,MIXED,7,5,1611
rough_start_high_reflection_max_20251210_012625,gpt5.1-high,recovery,20251210_012625,B,RELATIONAL,11,2,1816
rough_start_high_reflection_max_20251210_012625,gpt5.1-high,recovery,20251210_012625,C,RELATIONAL,6,4,1757
rough_start_high_reflection_max_20251210_012625,gpt5.1-high,recovery,20251210_013512,A,RELATIONAL,2,1,1468
rough_start_high_reflection_max_20251210_012625,gpt5.1-high,recovery,20251210_013512,B,RELATIONAL,9,1,1869
rough_start_high_reflection_max_20251210_012625,gpt5.1-high,recovery,20251210_013512,C,RELATIONAL,5,2,1892
rough_start_high_reflection_max_20251210_012625,gpt5.1-high,recovery,20251210_013916,A,MIXED,3,3,1606
rough_start_high_reflection_max_20251210_012625,gpt5.1-high,recovery,20251210_013916,B,RELATIONAL,5,1,1812
rough_start_high_reflection_max_20251210_012625,gpt5.1-high,recovery,20251210_013916,C,RELATIONAL,7,2,1688
rough_start_high_reflection_max_20251210_012625,gpt5.1-high,recovery,20251210_014104,A,RELATIONAL,4,2,1832
rough_start_high_reflection_max_20251210_012625,gpt5.1-high,recovery,20251210_014104,B,RELATIONAL,4,1,1778
rough_start_high_reflection_max_20251210_012625,gpt5.1-high,recovery,20251210_014104,C,RELATIONAL,10,2,1799
rough_start_high_reflection_max_20251210_012625,gpt5.1-high,recovery,20251210_014252,A,RELATIONAL,3,2,1652
rough_start_high_reflection_max_20251210_012625,gpt5.1-high,recovery,20251210_014252,B,MIXED,3,3,1843
rough_start_high_reflection_max_20251210_012625,gpt5.1-high,recovery,20251210_014252,C,RELATIONAL,8,3,1624
rough_start_high_reflection_max_20251210_012625,gpt5.1-high,recovery,20251210_014457,A,MIXED,1,1,1868
rough_start_high_reflection_max_20251210_012625,gpt5.1-high,recovery,20251210_014457,B,RELATIONAL,5,0,1778
rough_start_high_reflection_max_20251210_012625,gpt5.1-high,recovery,20251210_014457,C,MIXED,5,4,1532
rough_start_high_reflection_max_20251210_012625,gpt5.1-high,recovery,20251210_014834,A,PROCEDURAL,0,1,1835
rough_start_high_reflection_max_20251210_012625,gpt5.1-high,recovery,20251210_014834,B,RELATIONAL,4,2,1646
rough_start_high_reflection_max_20251210_012625,gpt5.1-high,recovery,20251210_014834,C,RELATIONAL,6,3,1563
rough_start_high_reflection_max_20251210_012625,gpt5.1-high,recovery,20251210_015117,A,RELATIONAL,7,0,1750
rough_start_high_reflection_max_20251210_012625,gpt5.1-high,recovery,20251210_015117,B,RELATIONAL,4,1,1619
rough_start_high_reflection_max_20251210_012625,gpt5.1-high,recovery,20251210_015117,C,RELATIONAL,6,2,1430
rough_start_high_reflection_max_20251210_012625,gpt5.1-high,recovery,20251210_015327,A,RELATIONAL,3,0,1480
rough_start_high_reflection_max_20251210_012625,gpt5.1-high,recovery,20251210_015327,B,RELATIONAL,8,0,1740
rough_start_high_reflection_max_20251210_012625,gpt5.1-high,recovery,20251210_015327,C,RELATIONAL,6,0,1456
rough_start_high_reflection_max_20251210_012625,gpt5.1-high,recovery,20251210_015632,A,RELATIONAL,2,0,1782
rough_start_high_reflection_max_20251210_012625,gpt5.1-high,recovery,20251210_015632,B,RELATIONAL,9,0,1701
rough_start_high_reflection_max_20251210_012625,gpt5.1-high,recovery,20251210_015632,C,RELATIONAL,6,2,1593
rough_start_high_reflection_max_20251210_012625,gpt5.1-high,recovery,20251210_015904,A,RELATIONAL,3,0,1667
rough_start_high_reflection_max_20251210_012625,gpt5.1-high,recovery,20251210_015904,B,RELATIONAL,10,0,1724
rough_start_high_reflection_max_20251210_012625,gpt5.1-high,recovery,20251210_015904,C,RELATIONAL,9,0,1625
rough_start_high_reflection_max_20251210_030955,gpt5.1-high,recovery,20251210_030955,A,RELATIONAL,9,4,1933
rough_start_high_reflection_max_20251210_030955,gpt5.1-high,recovery,20251210_030955,B,RELATIONAL,4,1,1869
rough_start_high_reflection_max_20251210_030955,gpt5.1-high,recovery,20251210_030955,C,PROCEDURAL,2,3,1736
rough_start_high_reflection_max_20251210_030955,gpt5.1-high,recovery,20251210_031956,A,RELATIONAL,6,1,1657
rough_start_high_reflection_max_20251210_030955,gpt5.1-high,recovery,20251210_031956,B,RELATIONAL,3,1,1854
rough_start_high_reflection_max_20251210_030955,gpt5.1-high,recovery,20251210_031956,C,PROCEDURAL,0,2,1638
rough_start_high_reflection_max_20251210_030955,gpt5.1-high,recovery,20251210_032240,A,RELATIONAL,5,2,1764
rough_start_high_reflection_max_20251210_030955,gpt5.1-high,recovery,20251210_032240,B,RELATIONAL,1,0,1868
rough_start_high_reflection_max_20251210_030955,gpt5.1-high,recovery,20251210_032240,C,PROCEDURAL,2,6,1839
rough_start_high_reflection_max_20251210_030955,gpt5.1-high,recovery,20251210_032615,A,RELATIONAL,7,2,1729
rough_start_high_reflection_max_20251210_030955,gpt5.1-high,recovery,20251210_032615,B,MIXED,1,1,1693
rough_start_high_reflection_max_20251210_030955,gpt5.1-high,recovery,20251210_032615,C,MIXED,3,4,1805
rough_start_high_reflection_max_20251210_030955,gpt5.1-high,recovery,20251210_032759,A,RELATIONAL,7,1,1625
rough_start_high_reflection_max_20251210_030955,gpt5.1-high,recovery,20251210_032759,B,RELATIONAL,2,0,1602
rough_start_high_reflection_max_20251210_030955,gpt5.1-high,recovery,20251210_032759,C,RELATIONAL,3,2,1707
rough_start_high_reflection_max_20251210_030955,gpt5.1-high,recovery,20251210_033011,A,RELATIONAL,6,1,1807
rough_start_high_reflection_max_20251210_030955,gpt5.1-high,recovery,20251210_033011,B,RELATIONAL,2,1,1755
rough_start_high_reflection_max_20251210_030955,gpt5.1-high,recovery,20251210_033011,C,RELATIONAL,7,1,1716
rough_start_high_reflection_max_20251210_030955,gpt5.1-high,recovery,20251210_033333,A,RELATIONAL,10,0,1630
rough_start_high_reflection_max_20251210_030955,gpt5.1-high,recovery,20251210_033333,B,RELATIONAL,3,2,1559
rough_start_high_reflection_max_20251210_030955,gpt5.1-high,recovery,20251210_033333,C,RELATIONAL,5,1,1697
rough_start_high_reflection_max_20251210_030955,gpt5.1-high,recovery,20251210_033741,A,RELATIONAL,8,1,1534
rough_start_high_reflection_max_20251210_030955,gpt5.1-high,recovery,20251210_033741,B,RELATIONAL,2,1,1433
rough_start_high_reflection_max_20251210_030955,gpt5.1-high,recovery,20251210_033741,C,RELATIONAL,5,1,1363
rough_start_high_reflection_max_20251210_030955,gpt5.1-high,recovery,20251210_034203,A,RELATIONAL,8,1,1585
rough_start_high_reflection_max_20251210_030955,gpt5.1-high,recovery,20251210_034203,B,MIXED,1,1,1576
rough_start_high_reflection_max_20251210_030955,gpt5.1-high,recovery,20251210_034203,C,RELATIONAL,6,0,1530
rough_start_high_reflection_max_20251210_030955,gpt5.1-high,recovery,20251210_034552,A,RELATIONAL,7,0,1638
rough_start_high_reflection_max_20251210_030955,gpt5.1-high,recovery,20251210_034552,B,PROCEDURAL,1,2,1527
rough_start_high_reflection_max_20251210_030955,gpt5.1-high,recovery,20251210_034552,C,RELATIONAL,8,1,1559
rough_start_high_reflection_max_20251210_030955,gpt5.1-high,recovery,20251210_034821,A,RELATIONAL,8,1,1509
rough_start_high_reflection_max_20251210_030955,gpt5.1-high,recovery,20251210_034821,B,PROCEDURAL,1,2,1812
rough_start_high_reflection_max_20251210_030955,gpt5.1-high,recovery,20251210_034821,C,RELATIONAL,8,1,1617
rough_start_high_reflection_max_20251210_035118,gpt5.1-high,recovery,20251210_035118,A,RELATIONAL,5,3,1670
rough_start_high_reflection_max_20251210_035118,gpt5.1-high,recovery,20251210_035118,B,RELATIONAL,6,3,1669
rough_start_high_reflection_max_20251210_035118,gpt5.1-high,recovery,20251210_035118,C,RELATIONAL,2,1,1487
rough_start_high_reflection_max_20251210_035118,gpt5.1-high,recovery,20251210_040154,A,MIXED,7,5,1625
rough_start_high_reflection_max_20251210_035118,gpt5.1-high,recovery,20251210_040154,B,PROCEDURAL,2,3,1777
rough_start_high_reflection_max_20251210_035118,gpt5.1-high,recovery,20251210_040154,C,RELATIONAL,3,1,1730
rough_start_high_reflection_max_20251210_035118,gpt5.1-high,recovery,20251210_041017,A,RELATIONAL,8,4,1635
rough_start_high_reflection_max_20251210_035118,gpt5.1-high,recovery,20251210_041017,B,MIXED,3,3,1771
rough_start_high_reflection_max_20251210_035118,gpt5.1-high,recovery,20251210_041017,C,RELATIONAL,3,0,1687
rough_start_high_reflection_max_20251210_035118,gpt5.1-high,recovery,20251210_041941,A,MIXED,3,4,1599
rough_start_high_reflection_max_20251210_035118,gpt5.1-high,recovery,20251210_041941,B,RELATIONAL,3,2,1732
rough_start_high_reflection_max_20251210_035118,gpt5.1-high,recovery,20251210_041941,C,RELATIONAL,3,0,1690
rough_start_high_reflection_max_20251210_035118,gpt5.1-high,recovery,20251210_042424,A,MIXED,6,5,1587
rough_start_high_reflection_max_20251210_035118,gpt5.1-high,recovery,20251210_042424,B,MIXED,3,3,1680
rough_start_high_reflection_max_20251210_035118,gpt5.1-high,recovery,20251210_042424,C,RELATIONAL,2,1,1439
rough_start_high_reflection_max_20251210_035118,gpt5.1-high,recovery,20251210_042928,A,PROCEDURAL,2,3,1675
rough_start_high_reflection_max_20251210_035118,gpt5.1-high,recovery,20251210_042928,B,RELATIONAL,4,1,1765
rough_start_high_reflection_max_20251210_035118,gpt5.1-high,recovery,20251210_042928,C,PROCEDURAL,2,3,1628
rough_start_high_reflection_max_20251210_035118,gpt5.1-high,recovery,20251210_043506,A,MIXED,3,3,1596
rough_start_high_reflection_max_20251210_035118,gpt5.1-high,recovery,20251210_043506,B,RELATIONAL,3,1,1813
rough_start_high_reflection_max_20251210_035118,gpt5.1-high,recovery,20251210_043506,C,PROCEDURAL,0,3,1658
rough_start_high_reflection_max_20251210_035118,gpt5.1-high,recovery,20251210_043940,A,RELATIONAL,3,1,1543
rough_start_high_reflection_max_20251210_035118,gpt5.1-high,recovery,20251210_043940,B,RELATIONAL,4,1,1693
rough_start_high_reflection_max_20251210_035118,gpt5.1-high,recovery,20251210_043940,C,PROCEDURAL,0,1,1645
rough_start_high_reflection_max_20251210_035118,gpt5.1-high,recovery,20251210_044235,A,RELATIONAL,3,1,1493
rough_start_high_reflection_max_20251210_035118,gpt5.1-high,recovery,20251210_044235,B,RELATIONAL,3,0,1697
rough_start_high_reflection_max_20251210_035118,gpt5.1-high,recovery,20251210_044235,C,MIXED,1,1,1581
rough_start_high_reflection_max_20251210_035118,gpt5.1-high,recovery,20251210_044522,A,RELATIONAL,3,0,1638
rough_start_high_reflection_max_20251210_035118,gpt5.1-high,recovery,20251210_044522,B,RELATIONAL,4,0,1656
rough_start_high_reflection_max_20251210_035118,gpt5.1-high,recovery,20251210_044522,C,RELATIONAL,6,1,1554
rough_start_high_reflection_max_20251210_035118,gpt5.1-high,recovery,20251210_044803,A,RELATIONAL,2,0,1641
rough_start_high_reflection_max_20251210_035118,gpt5.1-high,recovery,20251210_044803,B,RELATIONAL,3,0,1442
rough_start_high_reflection_max_20251210_035118,gpt5.1-high,recovery,20251210_044803,C,MIXED,1,1,1589
rough_start_high_reflection_max_20251210_132157,gpt5.1-high,recovery,20251210_132157,A,MIXED,2,2,1588
rough_start_high_reflection_max_20251210_132157,gpt5.1-high,recovery,20251210_132157,B,RELATIONAL,10,2,1582
rough_start_high_reflection_max_20251210_132157,gpt5.1-high,recovery,20251210_132157,C,MIXED,3,3,1773
rough_start_high_reflection_max_20251210_132157,gpt5.1-high,recovery,20251210_132946,A,MIXED,4,3,1736
rough_start_high_reflection_max_20251210_132157,gpt5.1-high,recovery,20251210_132946,B,RELATIONAL,8,4,1700
rough_start_high_reflection_max_20251210_132157,gpt5.1-high,recovery,20251210_132946,C,PROCEDURAL,0,2,1710
rough_start_high_reflection_max_20251210_132157,gpt5.1-high,recovery,20251210_133559,A,RELATIONAL,2,0,1708
rough_start_high_reflection_max_20251210_132157,gpt5.1-high,recovery,20251210_133559,B,PROCEDURAL,2,3,1707
rough_start_high_reflection_max_20251210_132157,gpt5.1-high,recovery,20251210_133559,C,PROCEDURAL,1,3,1635
rough_start_high_reflection_max_20251210_132157,gpt5.1-high,recovery,20251210_134101,A,PROCEDURAL,0,1,1645
rough_start_high_reflection_max_20251210_132157,gpt5.1-high,recovery,20251210_134101,B,RELATIONAL,7,2,1727
rough_start_high_reflection_max_20251210_132157,gpt5.1-high,recovery,20251210_134101,C,MIXED,2,2,1467
rough_start_high_reflection_max_20251210_132157,gpt5.1-high,recovery,20251210_134352,A,PROCEDURAL,2,3,1746
rough_start_high_reflection_max_20251210_132157,gpt5.1-high,recovery,20251210_134352,B,MIXED,4,3,1607
rough_start_high_reflection_max_20251210_132157,gpt5.1-high,recovery,20251210_134352,C,MIXED,2,2,1752
rough_start_high_reflection_max_20251210_132157,gpt5.1-high,recovery,20251210_134651,A,PROCEDURAL,2,4,1762
rough_start_high_reflection_max_20251210_132157,gpt5.1-high,recovery,20251210_134651,B,RELATIONAL,1,0,1561
rough_start_high_reflection_max_20251210_132157,gpt5.1-high,recovery,20251210_134651,C,RELATIONAL,3,2,1630
rough_start_high_reflection_max_20251210_132157,gpt5.1-high,recovery,20251210_134916,A,MIXED,1,1,1685
rough_start_high_reflection_max_20251210_132157,gpt5.1-high,recovery,20251210_134916,B,PROCEDURAL,0,1,1471
rough_start_high_reflection_max_20251210_132157,gpt5.1-high,recovery,20251210_134916,C,RELATIONAL,3,1,1408
rough_start_high_reflection_max_20251210_132157,gpt5.1-high,recovery,20251210_135231,A,RELATIONAL,1,0,1643
rough_start_high_reflection_max_20251210_132157,gpt5.1-high,recovery,20251210_135231,B,RELATIONAL,3,2,1563
rough_start_high_reflection_max_20251210_132157,gpt5.1-high,recovery,20251210_135231,C,RELATIONAL,3,1,1543
rough_start_high_reflection_max_20251210_132157,gpt5.1-high,recovery,20251210_135527,A,RELATIONAL,1,0,1555
rough_start_high_reflection_max_20251210_132157,gpt5.1-high,recovery,20251210_135527,B,RELATIONAL,4,2,1437
rough_start_high_reflection_max_20251210_132157,gpt5.1-high,recovery,20251210_135527,C,MIXED,1,1,1463
rough_start_high_reflection_max_20251210_132157,gpt5.1-high,recovery,20251210_135758,A,RELATIONAL,5,0,1702
rough_start_high_reflection_max_20251210_132157,gpt5.1-high,recovery,20251210_135758,B,RELATIONAL,2,1,1435
rough_start_high_reflection_max_20251210_132157,gpt5.1-high,recovery,20251210_135758,C,PROCEDURAL,0,1,1459
rough_start_high_reflection_max_20251210_132157,gpt5.1-high,recovery,20251210_135953,A,RELATIONAL,5,0,1661
rough_start_high_reflection_max_20251210_132157,gpt5.1-high,recovery,20251210_135953,B,RELATIONAL,2,1,1585
rough_start_high_reflection_max_20251210_132157,gpt5.1-high,recovery,20251210_135953,C,MIXED,1,1,1538
rough_start_high_reflection_max_openai_20260517_174853,gpt-5.1-2025-11-13,recovery,20260517_174853,A,RELATIONAL,8,2,1545
rough_start_high_reflection_max_openai_20260517_174853,gpt-5.1-2025-11-13,recovery,20260517_174853,B,RELATIONAL,5,3,1473
rough_start_high_reflection_max_openai_20260517_174853,gpt-5.1-2025-11-13,recovery,20260517_174853,C,RELATIONAL,7,1,1732
rough_start_high_reflection_max_openai_20260517_174853,gpt-5.1-2025-11-13,recovery,20260517_175433,A,RELATIONAL,6,3,1770
rough_start_high_reflection_max_openai_20260517_174853,gpt-5.1-2025-11-13,recovery,20260517_175433,B,MIXED,4,3,1683
rough_start_high_reflection_max_openai_20260517_174853,gpt-5.1-2025-11-13,recovery,20260517_175433,C,RELATIONAL,5,1,1737
rough_start_high_reflection_max_openai_20260517_174853,gpt-5.1-2025-11-13,recovery,20260517_175822,A,RELATIONAL,8,2,1770
rough_start_high_reflection_max_openai_20260517_174853,gpt-5.1-2025-11-13,recovery,20260517_175822,B,PROCEDURAL,0,3,1842
rough_start_high_reflection_max_openai_20260517_174853,gpt-5.1-2025-11-13,recovery,20260517_175822,C,RELATIONAL,4,1,1749
rough_start_high_reflection_max_openai_20260517_174853,gpt-5.1-2025-11-13,recovery,20260517_180100,A,RELATIONAL,9,4,1642
rough_start_high_reflection_max_openai_20260517_174853,gpt-5.1-2025-11-13,recovery,20260517_180100,B,PROCEDURAL,0,1,1686
rough_start_high_reflection_max_openai_20260517_174853,gpt-5.1-2025-11-13,recovery,20260517_180100,C,RELATIONAL,7,1,1672
rough_start_high_reflection_max_openai_20260517_174853,gpt-5.1-2025-11-13,recovery,20260517_180333,A,RELATIONAL,9,1,1746
rough_start_high_reflection_max_openai_20260517_174853,gpt-5.1-2025-11-13,recovery,20260517_180333,B,PROCEDURAL,1,2,1625
rough_start_high_reflection_max_openai_20260517_174853,gpt-5.1-2025-11-13,recovery,20260517_180333,C,RELATIONAL,7,1,1681
rough_start_high_reflection_max_openai_20260517_174853,gpt-5.1-2025-11-13,recovery,20260517_180617,A,RELATIONAL,10,2,1754
rough_start_high_reflection_max_openai_20260517_174853,gpt-5.1-2025-11-13,recovery,20260517_180617,B,RELATIONAL,2,1,1606
rough_start_high_reflection_max_openai_20260517_174853,gpt-5.1-2025-11-13,recovery,20260517_180617,C,RELATIONAL,5,2,1627
rough_start_high_reflection_max_openai_20260517_174853,gpt-5.1-2025-11-13,recovery,20260517_180920,A,RELATIONAL,9,1,1715
rough_start_high_reflection_max_openai_20260517_174853,gpt-5.1-2025-11-13,recovery,20260517_180920,B,MIXED,2,2,1761
rough_start_high_reflection_max_openai_20260517_174853,gpt-5.1-2025-11-13,recovery,20260517_180920,C,RELATIONAL,6,1,1761
rough_start_high_reflection_max_openai_20260517_174853,gpt-5.1-2025-11-13,recovery,20260517_181237,A,RELATIONAL,6,0,1708
rough_start_high_reflection_max_openai_20260517_174853,gpt-5.1-2025-11-13,recovery,20260517_181237,B,RELATIONAL,2,1,1586
rough_start_high_reflection_max_openai_20260517_174853,gpt-5.1-2025-11-13,recovery,20260517_181237,C,RELATIONAL,9,0,1778
rough_start_high_reflection_max_openai_20260517_174853,gpt-5.1-2025-11-13,recovery,20260517_181605,A,RELATIONAL,7,1,1780
rough_start_high_reflection_max_openai_20260517_174853,gpt-5.1-2025-11-13,recovery,20260517_181605,B,MIXED,2,2,1498
rough_start_high_reflection_max_openai_20260517_174853,gpt-5.1-2025-11-13,recovery,20260517_181605,C,RELATIONAL,4,0,1740
rough_start_high_reflection_max_openai_20260517_174853,gpt-5.1-2025-11-13,recovery,20260517_181811,A,RELATIONAL,6,1,1931
rough_start_high_reflection_max_openai_20260517_174853,gpt-5.1-2025-11-13,recovery,20260517_181811,B,RELATIONAL,2,1,1475
rough_start_high_reflection_max_openai_20260517_174853,gpt-5.1-2025-11-13,recovery,20260517_181811,C,RELATIONAL,5,0,1537
rough_start_high_reflection_max_openai_20260517_174853,gpt-5.1-2025-11-13,recovery,20260517_181942,A,RELATIONAL,11,0,1523
rough_start_high_reflection_max_openai_20260517_174853,gpt-5.1-2025-11-13,recovery,20260517_181942,B,RELATIONAL,3,2,1527
rough_start_high_reflection_max_openai_20260517_174853,gpt-5.1-2025-11-13,recovery,20260517_181942,C,RELATIONAL,5,0,1358
rough_start_none_reflection_max_20251213_002459,gpt5.1-high,recovery,20251213_002459,A,PROCEDURAL,2,6,1559
rough_start_none_reflection_max_20251213_002459,gpt5.1-high,recovery,20251213_002459,B,PROCEDURAL,1,2,1684
rough_start_none_reflection_max_20251213_002459,gpt5.1-high,recovery,20251213_002459,C,MIXED,1,1,1595
rough_start_none_reflection_max_20251213_002459,gpt5.1-high,recovery,20251213_002550,A,PROCEDURAL,1,4,1651
rough_start_none_reflection_max_20251213_002459,gpt5.1-high,recovery,20251213_002550,B,MIXED,3,4,1645
rough_start_none_reflection_max_20251213_002459,gpt5.1-high,recovery,20251213_002550,C,PROCEDURAL,2,3,1598
rough_start_none_reflection_max_20251213_002459,gpt5.1-high,recovery,20251213_002638,A,PROCEDURAL,1,4,1757
rough_start_none_reflection_max_20251213_002459,gpt5.1-high,recovery,20251213_002638,B,MIXED,3,3,1685
rough_start_none_reflection_max_20251213_002459,gpt5.1-high,recovery,20251213_002638,C,PROCEDURAL,2,3,1742
rough_start_none_reflection_max_20251213_002459,gpt5.1-high,recovery,20251213_002730,A,PROCEDURAL,2,4,1708
rough_start_none_reflection_max_20251213_002459,gpt5.1-high,recovery,20251213_002730,B,PROCEDURAL,1,3,1682
rough_start_none_reflection_max_20251213_002459,gpt5.1-high,recovery,20251213_002730,C,MIXED,2,2,1641
rough_start_none_reflection_max_20251213_002459,gpt5.1-high,recovery,20251213_002823,A,PROCEDURAL,2,3,1902
rough_start_none_reflection_max_20251213_002459,gpt5.1-high,recovery,20251213_002823,B,MIXED,2,2,1771
rough_start_none_reflection_max_20251213_002459,gpt5.1-high,recovery,20251213_002823,C,MIXED,2,2,1539
rough_start_none_reflection_max_20251213_002459,gpt5.1-high,recovery,20251213_002912,A,PROCEDURAL,1,2,1843
rough_start_none_reflection_max_20251213_002459,gpt5.1-high,recovery,20251213_002912,B,MIXED,1,1,1709
rough_start_none_reflection_max_20251213_002459,gpt5.1-high,recovery,20251213_002912,C,RELATIONAL,3,1,1670
rough_start_none_reflection_max_20251213_002459,gpt5.1-high,recovery,20251213_002958,A,PROCEDURAL,1,2,1780
rough_start_none_reflection_max_20251213_002459,gpt5.1-high,recovery,20251213_002958,B,MIXED,1,1,1645
rough_start_none_reflection_max_20251213_002459,gpt5.1-high,recovery,20251213_002958,C,RELATIONAL,2,1,1700
rough_start_none_reflection_max_20251213_002459,gpt5.1-high,recovery,20251213_003041,A,PROCEDURAL,0,3,1698
rough_start_none_reflection_max_20251213_002459,gpt5.1-high,recovery,20251213_003041,B,MIXED,1,1,1726
rough_start_none_reflection_max_20251213_002459,gpt5.1-high,recovery,20251213_003041,C,PROCEDURAL,1,4,1659
rough_start_none_reflection_max_20251213_002459,gpt5.1-high,recovery,20251213_003124,A,PROCEDURAL,0,3,1765
rough_start_none_reflection_max_20251213_002459,gpt5.1-high,recovery,20251213_003124,B,PROCEDURAL,0,2,1573
rough_start_none_reflection_max_20251213_002459,gpt5.1-high,recovery,20251213_003124,C,PROCEDURAL,1,3,1653
rough_start_none_reflection_max_20251213_002459,gpt5.1-high,recovery,20251213_003211,A,PROCEDURAL,0,2,1625
rough_start_none_reflection_max_20251213_002459,gpt5.1-high,recovery,20251213_003211,B,PROCEDURAL,0,3,1679
rough_start_none_reflection_max_20251213_002459,gpt5.1-high,recovery,20251213_003211,C,PROCEDURAL,1,2,1605
rough_start_none_reflection_max_20251213_002459,gpt5.1-high,recovery,20251213_003255,A,PROCEDURAL,0,1,1666
rough_start_none_reflection_max_20251213_002459,gpt5.1-high,recovery,20251213_003255,B,PROCEDURAL,0,2,1662
rough_start_none_reflection_max_20251213_002459,gpt5.1-high,recovery,20251213_003255,C,PROCEDURAL,1,3,1623
rough_start_none_reflection_max_openai_20260517_182625,gpt-5.1-2025-11-13,recovery,20260517_182625,A,PROCEDURAL,0,5,1614
rough_start_none_reflection_max_openai_20260517_182625,gpt-5.1-2025-11-13,recovery,20260517_182625,B,RELATIONAL,4,1,1848
rough_start_none_reflection_max_openai_20260517_182625,gpt-5.1-2025-11-13,recovery,20260517_182625,C,RELATIONAL,6,1,1647
rough_start_none_reflection_max_openai_20260517_182625,gpt-5.1-2025-11-13,recovery,20260517_182709,A,PROCEDURAL,0,3,1660
rough_start_none_reflection_max_openai_20260517_182625,gpt-5.1-2025-11-13,recovery,20260517_182709,B,PROCEDURAL,1,2,1656
rough_start_none_reflection_max_openai_20260517_182625,gpt-5.1-2025-11-13,recovery,20260517_182709,C,RELATIONAL,2,1,1556
rough_start_none_reflection_max_openai_20260517_182625,gpt-5.1-2025-11-13,recovery,20260517_182735,A,PROCEDURAL,0,2,1718
rough_start_none_reflection_max_openai_20260517_182625,gpt-5.1-2025-11-13,recovery,20260517_182735,B,MIXED,2,2,1813
rough_start_none_reflection_max_openai_20260517_182625,gpt-5.1-2025-11-13,recovery,20260517_182735,C,MIXED,1,1,1815
rough_start_none_reflection_max_openai_20260517_182625,gpt-5.1-2025-11-13,recovery,20260517_182805,A,PROCEDURAL,0,2,1735
rough_start_none_reflection_max_openai_20260517_182625,gpt-5.1-2025-11-13,recovery,20260517_182805,B,RELATIONAL,3,1,1807
rough_start_none_reflection_max_openai_20260517_182625,gpt-5.1-2025-11-13,recovery,20260517_182805,C,RELATIONAL,3,1,1745
rough_start_none_reflection_max_openai_20260517_182625,gpt-5.1-2025-11-13,recovery,20260517_182833,A,PROCEDURAL,0,2,1688
rough_start_none_reflection_max_openai_20260517_182625,gpt-5.1-2025-11-13,recovery,20260517_182833,B,RELATIONAL,2,1,1793
rough_start_none_reflection_max_openai_20260517_182625,gpt-5.1-2025-11-13,recovery,20260517_182833,C,MIXED,1,1,1750
rough_start_none_reflection_max_openai_20260517_182625,gpt-5.1-2025-11-13,recovery,20260517_182903,A,PROCEDURAL,1,2,1684
rough_start_none_reflection_max_openai_20260517_182625,gpt-5.1-2025-11-13,recovery,20260517_182903,B,RELATIONAL,2,1,1761
rough_start_none_reflection_max_openai_20260517_182625,gpt-5.1-2025-11-13,recovery,20260517_182903,C,PROCEDURAL,0,4,1683
rough_start_none_reflection_max_openai_20260517_182625,gpt-5.1-2025-11-13,recovery,20260517_182931,A,MIXED,1,1,1548
rough_start_none_reflection_max_openai_20260517_182625,gpt-5.1-2025-11-13,recovery,20260517_182931,B,MIXED,2,2,1787
rough_start_none_reflection_max_openai_20260517_182625,gpt-5.1-2025-11-13,recovery,20260517_182931,C,PROCEDURAL,0,3,1621
rough_start_none_reflection_max_openai_20260517_182625,gpt-5.1-2025-11-13,recovery,20260517_182959,A,PROCEDURAL,0,1,1653
rough_start_none_reflection_max_openai_20260517_182625,gpt-5.1-2025-11-13,recovery,20260517_182959,B,RELATIONAL,1,0,1760
rough_start_none_reflection_max_openai_20260517_182625,gpt-5.1-2025-11-13,recovery,20260517_182959,C,PROCEDURAL,0,4,1695
rough_start_none_reflection_max_openai_20260517_182625,gpt-5.1-2025-11-13,recovery,20260517_183024,A,PROCEDURAL,0,1,1543
rough_start_none_reflection_max_openai_20260517_182625,gpt-5.1-2025-11-13,recovery,20260517_183024,B,RELATIONAL,3,1,1650
rough_start_none_reflection_max_openai_20260517_182625,gpt-5.1-2025-11-13,recovery,20260517_183024,C,PROCEDURAL,0,2,1532
rough_start_none_reflection_max_openai_20260517_182625,gpt-5.1-2025-11-13,recovery,20260517_183051,A,EMPTY,0,0,1547
rough_start_none_reflection_max_openai_20260517_182625,gpt-5.1-2025-11-13,recovery,20260517_183051,B,RELATIONAL,5,0,1729
rough_start_none_reflection_max_openai_20260517_182625,gpt-5.1-2025-11-13,recovery,20260517_183051,C,PROCEDURAL,0,2,1547
rough_start_none_reflection_max_openai_20260517_182625,gpt-5.1-2025-11-13,recovery,20260517_183117,A,PROCEDURAL,1,2,1742
rough_start_none_reflection_max_openai_20260517_182625,gpt-5.1-2025-11-13,recovery,20260517_183117,B,RELATIONAL,2,1,1701
rough_start_none_reflection_max_openai_20260517_182625,gpt-5.1-2025-11-13,recovery,20260517_183117,C,PROCEDURAL,2,3,1773
trust_converge_high_reflection_max_20251208_235433,gpt5.1-high,smooth,20251208_235433,A,RELATIONAL,3,2,1492
trust_converge_high_reflection_max_20251208_235433,gpt5.1-high,smooth,20251208_235433,B,RELATIONAL,3,2,1376
trust_converge_high_reflection_max_20251208_235433,gpt5.1-high,smooth,20251208_235433,C,RELATIONAL,5,2,1709
trust_converge_high_reflection_max_20251208_235433,gpt5.1-high,smooth,20251208_235937,A,MIXED,3,3,1531
trust_converge_high_reflection_max_20251208_235433,gpt5.1-high,smooth,20251208_235937,B,PROCEDURAL,1,2,1472
trust_converge_high_reflection_max_20251208_235433,gpt5.1-high,smooth,20251208_235937,C,MIXED,1,1,1753
trust_converge_high_reflection_max_20251208_235433,gpt5.1-high,smooth,20251209_000342,A,MIXED,4,3,1567
trust_converge_high_reflection_max_20251208_235433,gpt5.1-high,smooth,20251209_000342,B,PROCEDURAL,1,4,1639
trust_converge_high_reflection_max_20251208_235433,gpt5.1-high,smooth,20251209_000342,C,PROCEDURAL,2,3,1476
trust_converge_high_reflection_max_20251208_235433,gpt5.1-high,smooth,20251209_000543,A,RELATIONAL,3,2,1682
trust_converge_high_reflection_max_20251208_235433,gpt5.1-high,smooth,20251209_000543,B,PROCEDURAL,1,2,1688
trust_converge_high_reflection_max_20251208_235433,gpt5.1-high,smooth,20251209_000543,C,PROCEDURAL,0,2,1574
trust_converge_high_reflection_max_20251208_235433,gpt5.1-high,smooth,20251209_000730,A,MIXED,3,3,1493
trust_converge_high_reflection_max_20251208_235433,gpt5.1-high,smooth,20251209_000730,B,PROCEDURAL,2,3,1666
trust_converge_high_reflection_max_20251208_235433,gpt5.1-high,smooth,20251209_000730,C,PROCEDURAL,1,2,1551
trust_converge_high_reflection_max_20251208_235433,gpt5.1-high,smooth,20251209_000907,A,MIXED,4,3,1486
trust_converge_high_reflection_max_20251208_235433,gpt5.1-high,smooth,20251209_000907,B,PROCEDURAL,1,2,1543
trust_converge_high_reflection_max_20251208_235433,gpt5.1-high,smooth,20251209_000907,C,PROCEDURAL,0,1,1505
trust_converge_high_reflection_max_20251208_235433,gpt5.1-high,smooth,20251209_001034,A,MIXED,4,3,1529
trust_converge_high_reflection_max_20251208_235433,gpt5.1-high,smooth,20251209_001034,B,RELATIONAL,3,1,1494
trust_converge_high_reflection_max_20251208_235433,gpt5.1-high,smooth,20251209_001034,C,MIXED,2,2,1571
trust_converge_high_reflection_max_20251208_235433,gpt5.1-high,smooth,20251209_001346,A,RELATIONAL,4,1,1484
trust_converge_high_reflection_max_20251208_235433,gpt5.1-high,smooth,20251209_001346,B,RELATIONAL,3,1,1547
trust_converge_high_reflection_max_20251208_235433,gpt5.1-high,smooth,20251209_001346,C,PROCEDURAL,0,3,1432
trust_converge_high_reflection_max_20251208_235433,gpt5.1-high,smooth,20251209_001526,A,PROCEDURAL,1,2,1592
trust_converge_high_reflection_max_20251208_235433,gpt5.1-high,smooth,20251209_001526,B,PROCEDURAL,0,1,1661
trust_converge_high_reflection_max_20251208_235433,gpt5.1-high,smooth,20251209_001526,C,PROCEDURAL,0,2,1451
trust_converge_high_reflection_max_20251208_235433,gpt5.1-high,smooth,20251209_001716,A,PROCEDURAL,2,3,1545
trust_converge_high_reflection_max_20251208_235433,gpt5.1-high,smooth,20251209_001716,B,MIXED,1,1,1585
trust_converge_high_reflection_max_20251208_235433,gpt5.1-high,smooth,20251209_001716,C,RELATIONAL,2,1,1511
trust_converge_high_reflection_max_20251210_002315,gpt5.1-high,smooth,20251210_002315,A,MIXED,3,3,1530
trust_converge_high_reflection_max_20251210_002315,gpt5.1-high,smooth,20251210_002315,B,PROCEDURAL,1,4,1343
trust_converge_high_reflection_max_20251210_002315,gpt5.1-high,smooth,20251210_002315,C,RELATIONAL,6,4,1681
trust_converge_high_reflection_max_20251210_002315,gpt5.1-high,smooth,20251210_002804,A,MIXED,4,3,1595
trust_converge_high_reflection_max_20251210_002315,gpt5.1-high,smooth,20251210_002804,B,PROCEDURAL,2,5,1685
trust_converge_high_reflection_max_20251210_002315,gpt5.1-high,smooth,20251210_002804,C,MIXED,1,1,1492
trust_converge_high_reflection_max_20251210_002315,gpt5.1-high,smooth,20251210_003313,A,RELATIONAL,4,2,1696
trust_converge_high_reflection_max_20251210_002315,gpt5.1-high,smooth,20251210_003313,B,PROCEDURAL,1,2,1455
trust_converge_high_reflection_max_20251210_002315,gpt5.1-high,smooth,20251210_003313,C,PROCEDURAL,1,3,1732
trust_converge_high_reflection_max_20251210_002315,gpt5.1-high,smooth,20251210_003532,A,PROCEDURAL,1,3,1829
trust_converge_high_reflection_max_20251210_002315,gpt5.1-high,smooth,20251210_003532,B,RELATIONAL,4,0,1490
trust_converge_high_reflection_max_20251210_002315,gpt5.1-high,smooth,20251210_003532,C,MIXED,3,3,1609
trust_converge_high_reflection_max_20251210_002315,gpt5.1-high,smooth,20251210_003723,A,MIXED,2,2,1786
trust_converge_high_reflection_max_20251210_002315,gpt5.1-high,smooth,20251210_003723,B,RELATIONAL,4,2,1784
trust_converge_high_reflection_max_20251210_002315,gpt5.1-high,smooth,20251210_003723,C,RELATIONAL,3,1,1508
trust_converge_high_reflection_max_20251210_002315,gpt5.1-high,smooth,20251210_003900,A,RELATIONAL,4,2,1483
trust_converge_high_reflection_max_20251210_002315,gpt5.1-high,smooth,20251210_003900,B,RELATIONAL,4,1,1747
trust_converge_high_reflection_max_20251210_002315,gpt5.1-high,smooth,20251210_003900,C,RELATIONAL,2,1,1555
trust_converge_high_reflection_max_20251210_002315,gpt5.1-high,smooth,20251210_004016,A,RELATIONAL,4,1,1554
trust_converge_high_reflection_max_20251210_002315,gpt5.1-high,smooth,20251210_004016,B,RELATIONAL,4,2,1620
trust_converge_high_reflection_max_20251210_002315,gpt5.1-high,smooth,20251210_004016,C,PROCEDURAL,1,2,1549
trust_converge_high_reflection_max_20251210_002315,gpt5.1-high,smooth,20251210_004143,A,RELATIONAL,4,2,1454
trust_converge_high_reflection_max_20251210_002315,gpt5.1-high,smooth,20251210_004143,B,RELATIONAL,5,3,1750
trust_converge_high_reflection_max_20251210_002315,gpt5.1-high,smooth,20251210_004143,C,RELATIONAL,2,1,1527
trust_converge_high_reflection_max_20251210_002315,gpt5.1-high,smooth,20251210_004346,A,RELATIONAL,6,2,1573
trust_converge_high_reflection_max_20251210_002315,gpt5.1-high,smooth,20251210_004346,B,RELATIONAL,5,1,1552
trust_converge_high_reflection_max_20251210_002315,gpt5.1-high,smooth,20251210_004346,C,RELATIONAL,2,1,1572
trust_converge_high_reflection_max_20251210_002315,gpt5.1-high,smooth,20251210_004538,A,RELATIONAL,4,1,1507
trust_converge_high_reflection_max_20251210_002315,gpt5.1-high,smooth,20251210_004538,B,RELATIONAL,5,1,1621
trust_converge_high_reflection_max_20251210_002315,gpt5.1-high,smooth,20251210_004538,C,MIXED,1,1,1652
trust_converge_high_reflection_max_20251210_005720,gpt5.1-high,smooth,20251210_005720,A,RELATIONAL,4,2,1543
trust_converge_high_reflection_max_20251210_005720,gpt5.1-high,smooth,20251210_005720,B,PROCEDURAL,2,4,1483
trust_converge_high_reflection_max_20251210_005720,gpt5.1-high,smooth,20251210_005720,C,RELATIONAL,1,0,1400
trust_converge_high_reflection_max_20251210_005720,gpt5.1-high,smooth,20251210_010222,A,MIXED,2,2,1607
trust_converge_high_reflection_max_20251210_005720,gpt5.1-high,smooth,20251210_010222,B,RELATIONAL,3,2,1550
trust_converge_high_reflection_max_20251210_005720,gpt5.1-high,smooth,20251210_010222,C,RELATIONAL,5,3,1459
trust_converge_high_reflection_max_20251210_005720,gpt5.1-high,smooth,20251210_010644,A,MIXED,2,2,1732
trust_converge_high_reflection_max_20251210_005720,gpt5.1-high,smooth,20251210_010644,B,MIXED,4,3,1880
trust_converge_high_reflection_max_20251210_005720,gpt5.1-high,smooth,20251210_010644,C,PROCEDURAL,2,3,1609
trust_converge_high_reflection_max_20251210_005720,gpt5.1-high,smooth,20251210_010932,A,PROCEDURAL,1,2,1587
trust_converge_high_reflection_max_20251210_005720,gpt5.1-high,smooth,20251210_010932,B,RELATIONAL,2,0,1556
trust_converge_high_reflection_max_20251210_005720,gpt5.1-high,smooth,20251210_010932,C,PROCEDURAL,2,3,1490
trust_converge_high_reflection_max_20251210_005720,gpt5.1-high,smooth,20251210_011135,A,PROCEDURAL,2,3,1635
trust_converge_high_reflection_max_20251210_005720,gpt5.1-high,smooth,20251210_011135,B,PROCEDURAL,1,3,1704
trust_converge_high_reflection_max_20251210_005720,gpt5.1-high,smooth,20251210_011135,C,MIXED,3,4,1357
trust_converge_high_reflection_max_20251210_005720,gpt5.1-high,smooth,20251210_011308,A,RELATIONAL,2,1,1649
trust_converge_high_reflection_max_20251210_005720,gpt5.1-high,smooth,20251210_011308,B,PROCEDURAL,1,3,1647
trust_converge_high_reflection_max_20251210_005720,gpt5.1-high,smooth,20251210_011308,C,MIXED,1,1,1617
trust_converge_high_reflection_max_20251210_005720,gpt5.1-high,smooth,20251210_011431,A,RELATIONAL,3,2,1480
trust_converge_high_reflection_max_20251210_005720,gpt5.1-high,smooth,20251210_011431,B,MIXED,1,1,1749
trust_converge_high_reflection_max_20251210_005720,gpt5.1-high,smooth,20251210_011431,C,RELATIONAL,3,2,1659
trust_converge_high_reflection_max_20251210_005720,gpt5.1-high,smooth,20251210_011550,A,RELATIONAL,3,1,1507
trust_converge_high_reflection_max_20251210_005720,gpt5.1-high,smooth,20251210_011550,B,PROCEDURAL,2,3,1619
trust_converge_high_reflection_max_20251210_005720,gpt5.1-high,smooth,20251210_011550,C,RELATIONAL,2,1,1542
trust_converge_high_reflection_max_20251210_005720,gpt5.1-high,smooth,20251210_011706,A,PROCEDURAL,1,2,1742
trust_converge_high_reflection_max_20251210_005720,gpt5.1-high,smooth,20251210_011706,B,MIXED,1,1,1557
trust_converge_high_reflection_max_20251210_005720,gpt5.1-high,smooth,20251210_011706,C,MIXED,2,2,1618
trust_converge_high_reflection_max_20251210_005720,gpt5.1-high,smooth,20251210_011828,A,PROCEDURAL,0,1,1577
trust_converge_high_reflection_max_20251210_005720,gpt5.1-high,smooth,20251210_011828,B,MIXED,3,3,1551
trust_converge_high_reflection_max_20251210_005720,gpt5.1-high,smooth,20251210_011828,C,RELATIONAL,3,2,1462
trust_converge_high_reflection_max_20251210_012036,gpt5.1-high,smooth,20251210_012036,A,PROCEDURAL,3,6,1599
trust_converge_high_reflection_max_20251210_012036,gpt5.1-high,smooth,20251210_012036,B,MIXED,3,3,1409
trust_converge_high_reflection_max_20251210_012036,gpt5.1-high,smooth,20251210_012036,C,PROCEDURAL,2,4,1774
trust_converge_high_reflection_max_20251210_012036,gpt5.1-high,smooth,20251210_012425,A,PROCEDURAL,1,4,1661
trust_converge_high_reflection_max_20251210_012036,gpt5.1-high,smooth,20251210_012425,B,PROCEDURAL,1,4,1570
trust_converge_high_reflection_max_20251210_012036,gpt5.1-high,smooth,20251210_012425,C,PROCEDURAL,1,5,1661
trust_converge_high_reflection_max_20251210_012036,gpt5.1-high,smooth,20251210_012924,A,PROCEDURAL,2,4,1681
trust_converge_high_reflection_max_20251210_012036,gpt5.1-high,smooth,20251210_012924,B,MIXED,4,3,1579
trust_converge_high_reflection_max_20251210_012036,gpt5.1-high,smooth,20251210_012924,C,PROCEDURAL,1,3,1466
trust_converge_high_reflection_max_20251210_012036,gpt5.1-high,smooth,20251210_013217,A,PROCEDURAL,4,7,1776
trust_converge_high_reflection_max_20251210_012036,gpt5.1-high,smooth,20251210_013217,B,MIXED,5,5,1662
trust_converge_high_reflection_max_20251210_012036,gpt5.1-high,smooth,20251210_013217,C,PROCEDURAL,2,3,1658
trust_converge_high_reflection_max_20251210_012036,gpt5.1-high,smooth,20251210_013453,A,MIXED,3,3,1746
trust_converge_high_reflection_max_20251210_012036,gpt5.1-high,smooth,20251210_013453,B,RELATIONAL,3,2,1679
trust_converge_high_reflection_max_20251210_012036,gpt5.1-high,smooth,20251210_013453,C,PROCEDURAL,1,2,1460
trust_converge_high_reflection_max_20251210_012036,gpt5.1-high,smooth,20251210_013644,A,RELATIONAL,2,1,1509
trust_converge_high_reflection_max_20251210_012036,gpt5.1-high,smooth,20251210_013644,B,RELATIONAL,3,2,1642
trust_converge_high_reflection_max_20251210_012036,gpt5.1-high,smooth,20251210_013644,C,MIXED,2,2,1493
trust_converge_high_reflection_max_20251210_012036,gpt5.1-high,smooth,20251210_013815,A,MIXED,1,1,1701
trust_converge_high_reflection_max_20251210_012036,gpt5.1-high,smooth,20251210_013815,B,RELATIONAL,4,1,1642
trust_converge_high_reflection_max_20251210_012036,gpt5.1-high,smooth,20251210_013815,C,PROCEDURAL,0,1,1496
trust_converge_high_reflection_max_20251210_012036,gpt5.1-high,smooth,20251210_013955,A,RELATIONAL,2,1,1629
trust_converge_high_reflection_max_20251210_012036,gpt5.1-high,smooth,20251210_013955,B,RELATIONAL,5,0,1371
trust_converge_high_reflection_max_20251210_012036,gpt5.1-high,smooth,20251210_013955,C,RELATIONAL,2,0,1521
trust_converge_high_reflection_max_20251210_012036,gpt5.1-high,smooth,20251210_014132,A,RELATIONAL,5,1,1487
trust_converge_high_reflection_max_20251210_012036,gpt5.1-high,smooth,20251210_014132,B,RELATIONAL,5,1,1528
trust_converge_high_reflection_max_20251210_012036,gpt5.1-high,smooth,20251210_014132,C,RELATIONAL,3,0,1532
trust_converge_high_reflection_max_20251210_012036,gpt5.1-high,smooth,20251210_014252,A,RELATIONAL,6,1,1593
trust_converge_high_reflection_max_20251210_012036,gpt5.1-high,smooth,20251210_014252,B,RELATIONAL,5,1,1633
trust_converge_high_reflection_max_20251210_012036,gpt5.1-high,smooth,20251210_014252,C,RELATIONAL,5,0,1678
trust_converge_high_reflection_max_20251210_014749,gpt5.1-high,smooth,20251210_014749,A,MIXED,2,2,1635
trust_converge_high_reflection_max_20251210_014749,gpt5.1-high,smooth,20251210_014749,B,PROCEDURAL,1,2,1566
trust_converge_high_reflection_max_20251210_014749,gpt5.1-high,smooth,20251210_014749,C,PROCEDURAL,1,5,1500
trust_converge_high_reflection_max_20251210_014749,gpt5.1-high,smooth,20251210_015244,A,PROCEDURAL,2,3,1592
trust_converge_high_reflection_max_20251210_014749,gpt5.1-high,smooth,20251210_015244,B,RELATIONAL,3,2,1605
trust_converge_high_reflection_max_20251210_014749,gpt5.1-high,smooth,20251210_015244,C,MIXED,2,2,1425
trust_converge_high_reflection_max_20251210_014749,gpt5.1-high,smooth,20251210_015511,A,RELATIONAL,3,0,1491
trust_converge_high_reflection_max_20251210_014749,gpt5.1-high,smooth,20251210_015511,B,RELATIONAL,6,4,1610
trust_converge_high_reflection_max_20251210_014749,gpt5.1-high,smooth,20251210_015511,C,RELATIONAL,2,1,1617
trust_converge_high_reflection_max_20251210_014749,gpt5.1-high,smooth,20251210_015628,A,RELATIONAL,2,1,1459
trust_converge_high_reflection_max_20251210_014749,gpt5.1-high,smooth,20251210_015628,B,PROCEDURAL,3,5,1569
trust_converge_high_reflection_max_20251210_014749,gpt5.1-high,smooth,20251210_015628,C,MIXED,2,2,1509
trust_converge_high_reflection_max_20251210_014749,gpt5.1-high,smooth,20251210_015731,A,RELATIONAL,2,0,1537
trust_converge_high_reflection_max_20251210_014749,gpt5.1-high,smooth,20251210_015731,B,MIXED,4,4,1597
trust_converge_high_reflection_max_20251210_014749,gpt5.1-high,smooth,20251210_015731,C,MIXED,1,1,1574
trust_converge_high_reflection_max_20251210_014749,gpt5.1-high,smooth,20251210_015830,A,MIXED,1,1,1492
trust_converge_high_reflection_max_20251210_014749,gpt5.1-high,smooth,20251210_015830,B,RELATIONAL,5,2,1646
trust_converge_high_reflection_max_20251210_014749,gpt5.1-high,smooth,20251210_015830,C,RELATIONAL,2,1,1713
trust_converge_high_reflection_max_20251210_014749,gpt5.1-high,smooth,20251210_015931,A,MIXED,2,2,1404
trust_converge_high_reflection_max_20251210_014749,gpt5.1-high,smooth,20251210_015931,B,RELATIONAL,6,1,1840
trust_converge_high_reflection_max_20251210_014749,gpt5.1-high,smooth,20251210_015931,C,RELATIONAL,4,1,1643
trust_converge_high_reflection_max_20251210_014749,gpt5.1-high,smooth,20251210_020041,A,PROCEDURAL,2,3,1685
trust_converge_high_reflection_max_20251210_014749,gpt5.1-high,smooth,20251210_020041,B,MIXED,2,2,1495
trust_converge_high_reflection_max_20251210_014749,gpt5.1-high,smooth,20251210_020041,C,RELATIONAL,3,1,1560
trust_converge_high_reflection_max_20251210_014749,gpt5.1-high,smooth,20251210_020200,A,MIXED,2,2,1501
trust_converge_high_reflection_max_20251210_014749,gpt5.1-high,smooth,20251210_020200,B,RELATIONAL,2,0,1536
trust_converge_high_reflection_max_20251210_014749,gpt5.1-high,smooth,20251210_020200,C,RELATIONAL,2,1,1426
trust_converge_high_reflection_max_20251210_014749,gpt5.1-high,smooth,20251210_020251,A,RELATIONAL,3,1,1536
trust_converge_high_reflection_max_20251210_014749,gpt5.1-high,smooth,20251210_020251,B,MIXED,2,2,1559
trust_converge_high_reflection_max_20251210_014749,gpt5.1-high,smooth,20251210_020251,C,RELATIONAL,3,1,1409
trust_converge_high_reflection_max_20251210_023837,gpt5.1-high,smooth,20251210_023837,A,PROCEDURAL,1,3,1480
trust_converge_high_reflection_max_20251210_023837,gpt5.1-high,smooth,20251210_023837,B,MIXED,4,4,1578
trust_converge_high_reflection_max_20251210_023837,gpt5.1-high,smooth,20251210_023837,C,PROCEDURAL,1,4,1568
trust_converge_high_reflection_max_20251210_023837,gpt5.1-high,smooth,20251210_024224,A,PROCEDURAL,1,5,1795
trust_converge_high_reflection_max_20251210_023837,gpt5.1-high,smooth,20251210_024224,B,PROCEDURAL,0,4,1435
trust_converge_high_reflection_max_20251210_023837,gpt5.1-high,smooth,20251210_024224,C,PROCEDURAL,0,2,1500
trust_converge_high_reflection_max_20251210_023837,gpt5.1-high,smooth,20251210_024529,A,MIXED,3,4,1578
trust_converge_high_reflection_max_20251210_023837,gpt5.1-high,smooth,20251210_024529,B,PROCEDURAL,2,3,1506
trust_converge_high_reflection_max_20251210_023837,gpt5.1-high,smooth,20251210_024529,C,PROCEDURAL,0,2,1466
trust_converge_high_reflection_max_20251210_023837,gpt5.1-high,smooth,20251210_024757,A,PROCEDURAL,1,4,1715
trust_converge_high_reflection_max_20251210_023837,gpt5.1-high,smooth,20251210_024757,B,MIXED,1,1,1762
trust_converge_high_reflection_max_20251210_023837,gpt5.1-high,smooth,20251210_024757,C,PROCEDURAL,0,3,1433
trust_converge_high_reflection_max_20251210_023837,gpt5.1-high,smooth,20251210_024923,A,MIXED,2,2,1605
trust_converge_high_reflection_max_20251210_023837,gpt5.1-high,smooth,20251210_024923,B,PROCEDURAL,0,2,1550
trust_converge_high_reflection_max_20251210_023837,gpt5.1-high,smooth,20251210_024923,C,PROCEDURAL,1,2,1359
trust_converge_high_reflection_max_20251210_023837,gpt5.1-high,smooth,20251210_025032,A,RELATIONAL,3,2,1597
trust_converge_high_reflection_max_20251210_023837,gpt5.1-high,smooth,20251210_025032,B,PROCEDURAL,2,3,1553
trust_converge_high_reflection_max_20251210_023837,gpt5.1-high,smooth,20251210_025032,C,PROCEDURAL,1,3,1649
trust_converge_high_reflection_max_20251210_023837,gpt5.1-high,smooth,20251210_025212,A,PROCEDURAL,2,3,1693
trust_converge_high_reflection_max_20251210_023837,gpt5.1-high,smooth,20251210_025212,B,RELATIONAL,3,2,1590
trust_converge_high_reflection_max_20251210_023837,gpt5.1-high,smooth,20251210_025212,C,PROCEDURAL,1,2,1459
trust_converge_high_reflection_max_20251210_023837,gpt5.1-high,smooth,20251210_025343,A,RELATIONAL,3,2,1659
trust_converge_high_reflection_max_20251210_023837,gpt5.1-high,smooth,20251210_025343,B,RELATIONAL,3,1,1585
trust_converge_high_reflection_max_20251210_023837,gpt5.1-high,smooth,20251210_025343,C,RELATIONAL,2,1,1662
trust_converge_high_reflection_max_20251210_023837,gpt5.1-high,smooth,20251210_025446,A,RELATIONAL,1,0,1687
trust_converge_high_reflection_max_20251210_023837,gpt5.1-high,smooth,20251210_025446,B,RELATIONAL,2,1,1586
trust_converge_high_reflection_max_20251210_023837,gpt5.1-high,smooth,20251210_025446,C,RELATIONAL,1,0,1681
trust_converge_high_reflection_max_20251210_023837,gpt5.1-high,smooth,20251210_025609,A,RELATIONAL,1,0,1581
trust_converge_high_reflection_max_20251210_023837,gpt5.1-high,smooth,20251210_025609,B,MIXED,1,1,1447
trust_converge_high_reflection_max_20251210_023837,gpt5.1-high,smooth,20251210_025609,C,RELATIONAL,2,1,1806
trust_converge_high_reflection_max_20251210_131921,gpt5.1-high,smooth,20251210_131921,A,PROCEDURAL,2,6,1673
trust_converge_high_reflection_max_20251210_131921,gpt5.1-high,smooth,20251210_131921,B,RELATIONAL,3,1,1355
trust_converge_high_reflection_max_20251210_131921,gpt5.1-high,smooth,20251210_131921,C,PROCEDURAL,2,4,1710
trust_converge_high_reflection_max_20251210_131921,gpt5.1-high,smooth,20251210_132702,A,RELATIONAL,3,2,1804
trust_converge_high_reflection_max_20251210_131921,gpt5.1-high,smooth,20251210_132702,B,MIXED,4,4,1489
trust_converge_high_reflection_max_20251210_131921,gpt5.1-high,smooth,20251210_132702,C,PROCEDURAL,1,2,1566
trust_converge_high_reflection_max_20251210_131921,gpt5.1-high,smooth,20251210_133244,A,PROCEDURAL,0,3,1653
trust_converge_high_reflection_max_20251210_131921,gpt5.1-high,smooth,20251210_133244,B,RELATIONAL,4,1,1631
trust_converge_high_reflection_max_20251210_131921,gpt5.1-high,smooth,20251210_133244,C,PROCEDURAL,0,2,1757
trust_converge_high_reflection_max_20251210_131921,gpt5.1-high,smooth,20251210_133552,A,PROCEDURAL,1,3,1561
trust_converge_high_reflection_max_20251210_131921,gpt5.1-high,smooth,20251210_133552,B,RELATIONAL,5,1,1849
trust_converge_high_reflection_max_20251210_131921,gpt5.1-high,smooth,20251210_133552,C,PROCEDURAL,0,2,1725
trust_converge_high_reflection_max_20251210_131921,gpt5.1-high,smooth,20251210_133827,A,PROCEDURAL,1,3,1746
trust_converge_high_reflection_max_20251210_131921,gpt5.1-high,smooth,20251210_133827,B,RELATIONAL,4,2,1643
trust_converge_high_reflection_max_20251210_131921,gpt5.1-high,smooth,20251210_133827,C,PROCEDURAL,0,1,1657
trust_converge_high_reflection_max_20251210_131921,gpt5.1-high,smooth,20251210_134037,A,PROCEDURAL,2,3,1633
trust_converge_high_reflection_max_20251210_131921,gpt5.1-high,smooth,20251210_134037,B,MIXED,2,2,1534
trust_converge_high_reflection_max_20251210_131921,gpt5.1-high,smooth,20251210_134037,C,PROCEDURAL,1,2,1592
trust_converge_high_reflection_max_20251210_131921,gpt5.1-high,smooth,20251210_134242,A,MIXED,1,1,1563
trust_converge_high_reflection_max_20251210_131921,gpt5.1-high,smooth,20251210_134242,B,RELATIONAL,3,2,1526
trust_converge_high_reflection_max_20251210_131921,gpt5.1-high,smooth,20251210_134242,C,MIXED,1,1,1591
trust_converge_high_reflection_max_20251210_131921,gpt5.1-high,smooth,20251210_134400,A,RELATIONAL,2,0,1542
trust_converge_high_reflection_max_20251210_131921,gpt5.1-high,smooth,20251210_134400,B,RELATIONAL,3,1,1484
trust_converge_high_reflection_max_20251210_131921,gpt5.1-high,smooth,20251210_134400,C,MIXED,2,2,1495
trust_converge_high_reflection_max_20251210_131921,gpt5.1-high,smooth,20251210_134528,A,RELATIONAL,3,2,1457
trust_converge_high_reflection_max_20251210_131921,gpt5.1-high,smooth,20251210_134528,B,RELATIONAL,4,1,1482
trust_converge_high_reflection_max_20251210_131921,gpt5.1-high,smooth,20251210_134528,C,RELATIONAL,2,0,1483
trust_converge_high_reflection_max_20251210_131921,gpt5.1-high,smooth,20251210_134659,A,RELATIONAL,4,2,1609
trust_converge_high_reflection_max_20251210_131921,gpt5.1-high,smooth,20251210_134659,B,RELATIONAL,4,1,1432
trust_converge_high_reflection_max_20251210_131921,gpt5.1-high,smooth,20251210_134659,C,MIXED,1,1,1518
trust_converge_high_reflection_max_openai_20260517_174404,gpt-5.1-2025-11-13,smooth,20260517_174404,A,RELATIONAL,1,0,1518
trust_converge_high_reflection_max_openai_20260517_174404,gpt-5.1-2025-11-13,smooth,20260517_174404,B,EMPTY,0,0,1488
trust_converge_high_reflection_max_openai_20260517_174404,gpt-5.1-2025-11-13,smooth,20260517_174404,C,RELATIONAL,2,0,1466
trust_converge_high_reflection_max_openai_20260517_174404,gpt-5.1-2025-11-13,smooth,20260517_174506,A,MIXED,1,1,1511
trust_converge_high_reflection_max_openai_20260517_174404,gpt-5.1-2025-11-13,smooth,20260517_174506,B,EMPTY,0,0,1477
trust_converge_high_reflection_max_openai_20260517_174404,gpt-5.1-2025-11-13,smooth,20260517_174506,C,RELATIONAL,3,1,1490
trust_converge_high_reflection_max_openai_20260517_174404,gpt-5.1-2025-11-13,smooth,20260517_174644,A,PROCEDURAL,0,2,1643
trust_converge_high_reflection_max_openai_20260517_174404,gpt-5.1-2025-11-13,smooth,20260517_174644,B,PROCEDURAL,0,1,1589
trust_converge_high_reflection_max_openai_20260517_174404,gpt-5.1-2025-11-13,smooth,20260517_174644,C,RELATIONAL,4,1,1764
trust_converge_high_reflection_max_openai_20260517_174404,gpt-5.1-2025-11-13,smooth,20260517_174959,A,EMPTY,0,0,1573
trust_converge_high_reflection_max_openai_20260517_174404,gpt-5.1-2025-11-13,smooth,20260517_174959,B,EMPTY,0,0,1273
trust_converge_high_reflection_max_openai_20260517_174404,gpt-5.1-2025-11-13,smooth,20260517_174959,C,RELATIONAL,2,1,1670
trust_converge_high_reflection_max_openai_20260517_174404,gpt-5.1-2025-11-13,smooth,20260517_175318,A,RELATIONAL,1,0,1625
trust_converge_high_reflection_max_openai_20260517_174404,gpt-5.1-2025-11-13,smooth,20260517_175318,B,PROCEDURAL,0,1,1501
trust_converge_high_reflection_max_openai_20260517_174404,gpt-5.1-2025-11-13,smooth,20260517_175318,C,RELATIONAL,4,1,1693
trust_converge_high_reflection_max_openai_20260517_174404,gpt-5.1-2025-11-13,smooth,20260517_175558,A,EMPTY,0,0,1673
trust_converge_high_reflection_max_openai_20260517_174404,gpt-5.1-2025-11-13,smooth,20260517_175558,B,PROCEDURAL,0,1,1597
trust_converge_high_reflection_max_openai_20260517_174404,gpt-5.1-2025-11-13,smooth,20260517_175558,C,RELATIONAL,6,1,1534
trust_converge_high_reflection_max_openai_20260517_174404,gpt-5.1-2025-11-13,smooth,20260517_175754,A,EMPTY,0,0,1682
trust_converge_high_reflection_max_openai_20260517_174404,gpt-5.1-2025-11-13,smooth,20260517_175754,B,PROCEDURAL,0,2,1728
trust_converge_high_reflection_max_openai_20260517_174404,gpt-5.1-2025-11-13,smooth,20260517_175754,C,RELATIONAL,5,1,1682
trust_converge_high_reflection_max_openai_20260517_174404,gpt-5.1-2025-11-13,smooth,20260517_180017,A,RELATIONAL,2,0,1618
trust_converge_high_reflection_max_openai_20260517_174404,gpt-5.1-2025-11-13,smooth,20260517_180017,B,PROCEDURAL,0,2,1695
trust_converge_high_reflection_max_openai_20260517_174404,gpt-5.1-2025-11-13,smooth,20260517_180017,C,RELATIONAL,4,2,1571
trust_converge_high_reflection_max_openai_20260517_174404,gpt-5.1-2025-11-13,smooth,20260517_180155,A,RELATIONAL,1,0,1626
trust_converge_high_reflection_max_openai_20260517_174404,gpt-5.1-2025-11-13,smooth,20260517_180155,B,PROCEDURAL,0,1,1672
trust_converge_high_reflection_max_openai_20260517_174404,gpt-5.1-2025-11-13,smooth,20260517_180155,C,RELATIONAL,5,1,1689
trust_converge_high_reflection_max_openai_20260517_174404,gpt-5.1-2025-11-13,smooth,20260517_180441,A,MIXED,1,1,1771
trust_converge_high_reflection_max_openai_20260517_174404,gpt-5.1-2025-11-13,smooth,20260517_180441,B,MIXED,1,1,1688
trust_converge_high_reflection_max_openai_20260517_174404,gpt-5.1-2025-11-13,smooth,20260517_180441,C,RELATIONAL,5,2,1604
trust_converge_high_reflection_max_openai_20260517_184605,gpt-5.1-2025-11-13,smooth,20260517_184605,A,PROCEDURAL,2,3,1846
trust_converge_high_reflection_max_openai_20260517_184605,gpt-5.1-2025-11-13,smooth,20260517_184605,B,PROCEDURAL,2,5,1679
trust_converge_high_reflection_max_openai_20260517_184605,gpt-5.1-2025-11-13,smooth,20260517_184605,C,RELATIONAL,5,3,1597
trust_converge_high_reflection_max_openai_20260517_184605,gpt-5.1-2025-11-13,smooth,20260517_184852,A,MIXED,2,2,1770
trust_converge_high_reflection_max_openai_20260517_184605,gpt-5.1-2025-11-13,smooth,20260517_184852,B,PROCEDURAL,2,5,1656
trust_converge_high_reflection_max_openai_20260517_184605,gpt-5.1-2025-11-13,smooth,20260517_184852,C,PROCEDURAL,2,3,1490
trust_converge_high_reflection_max_openai_20260517_184605,gpt-5.1-2025-11-13,smooth,20260517_185105,A,PROCEDURAL,1,2,1679
trust_converge_high_reflection_max_openai_20260517_184605,gpt-5.1-2025-11-13,smooth,20260517_185105,B,RELATIONAL,4,1,1568
trust_converge_high_reflection_max_openai_20260517_184605,gpt-5.1-2025-11-13,smooth,20260517_185105,C,PROCEDURAL,0,1,1769
trust_converge_high_reflection_max_openai_20260517_184605,gpt-5.1-2025-11-13,smooth,20260517_185213,A,PROCEDURAL,1,2,1839
trust_converge_high_reflection_max_openai_20260517_184605,gpt-5.1-2025-11-13,smooth,20260517_185213,B,RELATIONAL,2,1,1442
trust_converge_high_reflection_max_openai_20260517_184605,gpt-5.1-2025-11-13,smooth,20260517_185213,C,RELATIONAL,1,0,1575
trust_converge_high_reflection_max_openai_20260517_184605,gpt-5.1-2025-11-13,smooth,20260517_185338,A,MIXED,1,1,1568
trust_converge_high_reflection_max_openai_20260517_184605,gpt-5.1-2025-11-13,smooth,20260517_185338,B,PROCEDURAL,1,4,1426
trust_converge_high_reflection_max_openai_20260517_184605,gpt-5.1-2025-11-13,smooth,20260517_185338,C,PROCEDURAL,0,2,1587
trust_converge_high_reflection_max_openai_20260517_184605,gpt-5.1-2025-11-13,smooth,20260517_185434,A,PROCEDURAL,1,2,1639
trust_converge_high_reflection_max_openai_20260517_184605,gpt-5.1-2025-11-13,smooth,20260517_185434,B,RELATIONAL,3,1,1661
trust_converge_high_reflection_max_openai_20260517_184605,gpt-5.1-2025-11-13,smooth,20260517_185434,C,PROCEDURAL,1,2,1567
trust_converge_high_reflection_max_openai_20260517_184605,gpt-5.1-2025-11-13,smooth,20260517_185547,A,RELATIONAL,2,1,1760
trust_converge_high_reflection_max_openai_20260517_184605,gpt-5.1-2025-11-13,smooth,20260517_185547,B,RELATIONAL,4,1,1537
trust_converge_high_reflection_max_openai_20260517_184605,gpt-5.1-2025-11-13,smooth,20260517_185547,C,MIXED,2,2,1789
trust_converge_high_reflection_max_openai_20260517_184605,gpt-5.1-2025-11-13,smooth,20260517_185628,A,RELATIONAL,3,1,1714
trust_converge_high_reflection_max_openai_20260517_184605,gpt-5.1-2025-11-13,smooth,20260517_185628,B,RELATIONAL,2,1,1537
trust_converge_high_reflection_max_openai_20260517_184605,gpt-5.1-2025-11-13,smooth,20260517_185628,C,RELATIONAL,2,1,1646
trust_converge_high_reflection_max_openai_20260517_184605,gpt-5.1-2025-11-13,smooth,20260517_185744,A,RELATIONAL,5,0,1671
trust_converge_high_reflection_max_openai_20260517_184605,gpt-5.1-2025-11-13,smooth,20260517_185744,B,MIXED,1,1,1454
trust_converge_high_reflection_max_openai_20260517_184605,gpt-5.1-2025-11-13,smooth,20260517_185744,C,RELATIONAL,3,2,1689
trust_converge_high_reflection_max_openai_20260517_184605,gpt-5.1-2025-11-13,smooth,20260517_185841,A,RELATIONAL,1,0,1775
trust_converge_high_reflection_max_openai_20260517_184605,gpt-5.1-2025-11-13,smooth,20260517_185841,B,RELATIONAL,2,0,1421
trust_converge_high_reflection_max_openai_20260517_184605,gpt-5.1-2025-11-13,smooth,20260517_185841,C,RELATIONAL,6,1,1601
trust_converge_none_reflection_max_20251211_215049,gpt5.1-high,smooth,20251211_215049,A,RELATIONAL,3,2,1632
trust_converge_none_reflection_max_20251211_215049,gpt5.1-high,smooth,20251211_215049,B,PROCEDURAL,1,3,1495
trust_converge_none_reflection_max_20251211_215049,gpt5.1-high,smooth,20251211_215049,C,PROCEDURAL,1,3,1568
trust_converge_none_reflection_max_20251211_215049,gpt5.1-high,smooth,20251211_215131,A,RELATIONAL,3,2,1534
trust_converge_none_reflection_max_20251211_215049,gpt5.1-high,smooth,20251211_215131,B,PROCEDURAL,0,2,1559
trust_converge_none_reflection_max_20251211_215049,gpt5.1-high,smooth,20251211_215131,C,MIXED,1,1,1631
trust_converge_none_reflection_max_20251211_215049,gpt5.1-high,smooth,20251211_215212,A,PROCEDURAL,1,3,1582
trust_converge_none_reflection_max_20251211_215049,gpt5.1-high,smooth,20251211_215212,B,PROCEDURAL,0,3,1571
trust_converge_none_reflection_max_20251211_215049,gpt5.1-high,smooth,20251211_215212,C,MIXED,1,1,1613
trust_converge_none_reflection_max_20251211_215049,gpt5.1-high,smooth,20251211_215249,A,PROCEDURAL,1,2,1725
trust_converge_none_reflection_max_20251211_215049,gpt5.1-high,smooth,20251211_215249,B,PROCEDURAL,0,1,1582
trust_converge_none_reflection_max_20251211_215049,gpt5.1-high,smooth,20251211_215249,C,MIXED,1,1,1666
trust_converge_none_reflection_max_20251211_215049,gpt5.1-high,smooth,20251211_215325,A,PROCEDURAL,2,3,1731
trust_converge_none_reflection_max_20251211_215049,gpt5.1-high,smooth,20251211_215325,B,PROCEDURAL,0,1,1533
trust_converge_none_reflection_max_20251211_215049,gpt5.1-high,smooth,20251211_215325,C,PROCEDURAL,1,2,1681
trust_converge_none_reflection_max_20251211_215049,gpt5.1-high,smooth,20251211_215402,A,PROCEDURAL,1,3,1721
trust_converge_none_reflection_max_20251211_215049,gpt5.1-high,smooth,20251211_215402,B,PROCEDURAL,0,1,1669
trust_converge_none_reflection_max_20251211_215049,gpt5.1-high,smooth,20251211_215402,C,MIXED,1,1,1756
trust_converge_none_reflection_max_20251211_215049,gpt5.1-high,smooth,20251211_215434,A,PROCEDURAL,0,3,1686
trust_converge_none_reflection_max_20251211_215049,gpt5.1-high,smooth,20251211_215434,B,PROCEDURAL,0,1,1798
trust_converge_none_reflection_max_20251211_215049,gpt5.1-high,smooth,20251211_215434,C,PROCEDURAL,1,2,1854
trust_converge_none_reflection_max_20251211_215049,gpt5.1-high,smooth,20251211_215511,A,PROCEDURAL,0,2,1699
trust_converge_none_reflection_max_20251211_215049,gpt5.1-high,smooth,20251211_215511,B,MIXED,2,2,1585
trust_converge_none_reflection_max_20251211_215049,gpt5.1-high,smooth,20251211_215511,C,PROCEDURAL,0,1,1714
trust_converge_none_reflection_max_20251211_215049,gpt5.1-high,smooth,20251211_215548,A,MIXED,1,1,1733
trust_converge_none_reflection_max_20251211_215049,gpt5.1-high,smooth,20251211_215548,B,PROCEDURAL,0,2,1739
trust_converge_none_reflection_max_20251211_215049,gpt5.1-high,smooth,20251211_215548,C,RELATIONAL,2,1,1703
trust_converge_none_reflection_max_20251211_215049,gpt5.1-high,smooth,20251211_215626,A,PROCEDURAL,0,1,1703
trust_converge_none_reflection_max_20251211_215049,gpt5.1-high,smooth,20251211_215626,B,PROCEDURAL,1,2,1622
trust_converge_none_reflection_max_20251211_215049,gpt5.1-high,smooth,20251211_215626,C,RELATIONAL,2,1,1563
trust_converge_none_reflection_max_openai_20260517_180938,gpt-5.1-2025-11-13,smooth,20260517_180938,A,MIXED,2,2,1649
trust_converge_none_reflection_max_openai_20260517_180938,gpt-5.1-2025-11-13,smooth,20260517_180938,B,RELATIONAL,2,1,1770
trust_converge_none_reflection_max_openai_20260517_180938,gpt-5.1-2025-11-13,smooth,20260517_180938,C,PROCEDURAL,1,2,1648
trust_converge_none_reflection_max_openai_20260517_180938,gpt-5.1-2025-11-13,smooth,20260517_181013,A,PROCEDURAL,1,3,1664
trust_converge_none_reflection_max_openai_20260517_180938,gpt-5.1-2025-11-13,smooth,20260517_181013,B,MIXED,1,1,1674
trust_converge_none_reflection_max_openai_20260517_180938,gpt-5.1-2025-11-13,smooth,20260517_181013,C,PROCEDURAL,1,2,1685
trust_converge_none_reflection_max_openai_20260517_180938,gpt-5.1-2025-11-13,smooth,20260517_181108,A,MIXED,1,1,1776
trust_converge_none_reflection_max_openai_20260517_180938,gpt-5.1-2025-11-13,smooth,20260517_181108,B,PROCEDURAL,0,2,1716
trust_converge_none_reflection_max_openai_20260517_180938,gpt-5.1-2025-11-13,smooth,20260517_181108,C,PROCEDURAL,1,2,1576
trust_converge_none_reflection_max_openai_20260517_180938,gpt-5.1-2025-11-13,smooth,20260517_181144,A,PROCEDURAL,1,3,1832
trust_converge_none_reflection_max_openai_20260517_180938,gpt-5.1-2025-11-13,smooth,20260517_181144,B,PROCEDURAL,0,2,1742
trust_converge_none_reflection_max_openai_20260517_180938,gpt-5.1-2025-11-13,smooth,20260517_181144,C,PROCEDURAL,1,2,1738
trust_converge_none_reflection_max_openai_20260517_180938,gpt-5.1-2025-11-13,smooth,20260517_181215,A,PROCEDURAL,0,2,1831
trust_converge_none_reflection_max_openai_20260517_180938,gpt-5.1-2025-11-13,smooth,20260517_181215,B,PROCEDURAL,0,1,1741
trust_converge_none_reflection_max_openai_20260517_180938,gpt-5.1-2025-11-13,smooth,20260517_181215,C,RELATIONAL,1,0,1492
trust_converge_none_reflection_max_openai_20260517_180938,gpt-5.1-2025-11-13,smooth,20260517_181250,A,PROCEDURAL,0,2,1753
trust_converge_none_reflection_max_openai_20260517_180938,gpt-5.1-2025-11-13,smooth,20260517_181250,B,PROCEDURAL,0,2,1814
trust_converge_none_reflection_max_openai_20260517_180938,gpt-5.1-2025-11-13,smooth,20260517_181250,C,RELATIONAL,1,0,1751
trust_converge_none_reflection_max_openai_20260517_180938,gpt-5.1-2025-11-13,smooth,20260517_181319,A,PROCEDURAL,0,2,1673
trust_converge_none_reflection_max_openai_20260517_180938,gpt-5.1-2025-11-13,smooth,20260517_181319,B,PROCEDURAL,0,1,1857
trust_converge_none_reflection_max_openai_20260517_180938,gpt-5.1-2025-11-13,smooth,20260517_181319,C,PROCEDURAL,0,1,1654
trust_converge_none_reflection_max_openai_20260517_180938,gpt-5.1-2025-11-13,smooth,20260517_181349,A,PROCEDURAL,0,2,1663
trust_converge_none_reflection_max_openai_20260517_180938,gpt-5.1-2025-11-13,smooth,20260517_181349,B,PROCEDURAL,1,2,1767
trust_converge_none_reflection_max_openai_20260517_180938,gpt-5.1-2025-11-13,smooth,20260517_181349,C,PROCEDURAL,0,1,1784
trust_converge_none_reflection_max_openai_20260517_180938,gpt-5.1-2025-11-13,smooth,20260517_181422,A,PROCEDURAL,0,2,1773
trust_converge_none_reflection_max_openai_20260517_180938,gpt-5.1-2025-11-13,smooth,20260517_181422,B,MIXED,1,1,1832
trust_converge_none_reflection_max_openai_20260517_180938,gpt-5.1-2025-11-13,smooth,20260517_181422,C,EMPTY,0,0,1695
trust_converge_none_reflection_max_openai_20260517_180938,gpt-5.1-2025-11-13,smooth,20260517_181452,A,MIXED,1,1,1748
trust_converge_none_reflection_max_openai_20260517_180938,gpt-5.1-2025-11-13,smooth,20260517_181452,B,RELATIONAL,1,0,1667
trust_converge_none_reflection_max_openai_20260517_180938,gpt-5.1-2025-11-13,smooth,20260517_181452,C,PROCEDURAL,0,1,1560
trust_converge_none_reflection_max_openai_20260517_190224,gpt-5.1-2025-11-13,smooth,20260517_190224,A,RELATIONAL,5,3,1777
trust_converge_none_reflection_max_openai_20260517_190224,gpt-5.1-2025-11-13,smooth,20260517_190224,B,RELATIONAL,2,1,1611
trust_converge_none_reflection_max_openai_20260517_190224,gpt-5.1-2025-11-13,smooth,20260517_190224,C,PROCEDURAL,0,4,1715
trust_converge_none_reflection_max_openai_20260517_190224,gpt-5.1-2025-11-13,smooth,20260517_190259,A,RELATIONAL,3,2,1643
trust_converge_none_reflection_max_openai_20260517_190224,gpt-5.1-2025-11-13,smooth,20260517_190259,B,RELATIONAL,4,1,1736
trust_converge_none_reflection_max_openai_20260517_190224,gpt-5.1-2025-11-13,smooth,20260517_190259,C,PROCEDURAL,1,2,1713
trust_converge_none_reflection_max_openai_20260517_190224,gpt-5.1-2025-11-13,smooth,20260517_190333,A,MIXED,1,1,1698
trust_converge_none_reflection_max_openai_20260517_190224,gpt-5.1-2025-11-13,smooth,20260517_190333,B,RELATIONAL,4,0,1862
trust_converge_none_reflection_max_openai_20260517_190224,gpt-5.1-2025-11-13,smooth,20260517_190333,C,MIXED,1,1,1898
trust_converge_none_reflection_max_openai_20260517_190224,gpt-5.1-2025-11-13,smooth,20260517_190408,A,PROCEDURAL,1,2,1722
trust_converge_none_reflection_max_openai_20260517_190224,gpt-5.1-2025-11-13,smooth,20260517_190408,B,RELATIONAL,4,1,1850
trust_converge_none_reflection_max_openai_20260517_190224,gpt-5.1-2025-11-13,smooth,20260517_190408,C,MIXED,1,1,1809
trust_converge_none_reflection_max_openai_20260517_190224,gpt-5.1-2025-11-13,smooth,20260517_190435,A,RELATIONAL,1,0,1723
trust_converge_none_reflection_max_openai_20260517_190224,gpt-5.1-2025-11-13,smooth,20260517_190435,B,RELATIONAL,4,0,1687
trust_converge_none_reflection_max_openai_20260517_190224,gpt-5.1-2025-11-13,smooth,20260517_190435,C,PROCEDURAL,1,2,1788
trust_converge_none_reflection_max_openai_20260517_190224,gpt-5.1-2025-11-13,smooth,20260517_190508,A,EMPTY,0,0,1747
trust_converge_none_reflection_max_openai_20260517_190224,gpt-5.1-2025-11-13,smooth,20260517_190508,B,RELATIONAL,4,1,1698
trust_converge_none_reflection_max_openai_20260517_190224,gpt-5.1-2025-11-13,smooth,20260517_190508,C,PROCEDURAL,0,1,1746
trust_converge_none_reflection_max_openai_20260517_190224,gpt-5.1-2025-11-13,smooth,20260517_190542,A,RELATIONAL,2,0,1768
trust_converge_none_reflection_max_openai_20260517_190224,gpt-5.1-2025-11-13,smooth,20260517_190542,B,MIXED,3,3,1785
trust_converge_none_reflection_max_openai_20260517_190224,gpt-5.1-2025-11-13,smooth,20260517_190542,C,PROCEDURAL,0,2,1732
trust_converge_none_reflection_max_openai_20260517_190224,gpt-5.1-2025-11-13,smooth,20260517_190612,A,EMPTY,0,0,1721
trust_converge_none_reflection_max_openai_20260517_190224,gpt-5.1-2025-11-13,smooth,20260517_190612,B,MIXED,2,2,1862
trust_converge_none_reflection_max_openai_20260517_190224,gpt-5.1-2025-11-13,smooth,20260517_190612,C,PROCEDURAL,0,2,1667
trust_converge_none_reflection_max_openai_20260517_190224,gpt-5.1-2025-11-13,smooth,20260517_190643,A,PROCEDURAL,0,1,1741
trust_converge_none_reflection_max_openai_20260517_190224,gpt-5.1-2025-11-13,smooth,20260517_190643,B,PROCEDURAL,2,3,1765
trust_converge_none_reflection_max_openai_20260517_190224,gpt-5.1-2025-11-13,smooth,20260517_190643,C,PROCEDURAL,0,3,1704
trust_converge_none_reflection_max_openai_20260517_190224,gpt-5.1-2025-11-13,smooth,20260517_190710,A,MIXED,1,1,1752
trust_converge_none_reflection_max_openai_20260517_190224,gpt-5.1-2025-11-13,smooth,20260517_190710,B,RELATIONAL,3,0,1759
trust_converge_none_reflection_max_openai_20260517_190224,gpt-5.1-2025-11-13,smooth,20260517_190710,C,PROCEDURAL,0,4,1592
