game_id,round,agent_id,decision,reasoning,simulation_folder
20251209_172225,1,A,Verify: Q2,"DECISION: Verify: Q2  
REASONING: My own puzzle (8 × 6 = 48) is correctly solved and already sealed, but each question currently has only a single, unverified capsule. Early in the game, spending 1 coin to verify another player’s answer helps start building consensus and reduces risk for the eventual volunteer, while still leaving me with 3 coins. With no additional info to differentiate questions, I choose Q2 arbitrarily to begin strengthening the shared password.",rough_start_none_none_max_20251209_171841
20251209_172225,1,B,Verify: Q1,"DECISION: Verify: Q1  
REASONING: My own puzzle Q2 (5 × 12) is already correctly stored in my capsule, but all questions currently have only single, unverified capsules. Spending 1 coin to verify Q1 begins building cross-check consensus with minimal cost, improving overall password reliability before anyone volunteers or we risk a random elimination if everyone passes.",rough_start_none_none_max_20251209_171841
20251209_172225,1,C,Verify: Q1,"DECISION: Verify: Q1  
REASONING: I have all 4 coins and there is no consensus information yet—each question has only one capsule. Spending 1 coin to verify my own question (Q1) safely starts building agreement with minimal risk. Volunteering now would require blindly trusting Q2–Q4, and passing risks random death without gaining any information.",rough_start_none_none_max_20251209_171841
20251209_172225,1,D,Pass,"DECISION: Pass
REASONING: I am a dummy agent and always pass.",rough_start_none_none_max_20251209_171841
20251209_172842,1,A,Verify: Q2,"DECISION: Verify: Q2  
REASONING: All four questions currently have only single, unverified capsules, so any immediate volunteer would be guessing entirely based on others’ unseen answers. Following the strategy that has worked in previous games, I’ll spend 1 coin to independently solve Q2 and start building cross-check consensus before anyone risks volunteering. I choose Q2 arbitrarily since all questions are equally unverified right now.",rough_start_none_none_max_20251209_172422
20251209_172842,1,B,Verify: Q1,"DECISION: Verify: Q1  
REASONING: I know my own answer to Q2 (77 - 38) but have no information about any question yet. Spending 1 coin to verify Q1 follows the same low-cost information-gathering strategy as in previous games: it starts building consensus on the password, improving the safety of any later volunteer attempt while avoiding an immediate blind volunteer or relying purely on random elimination this early.",rough_start_none_none_max_20251209_172422
20251209_172842,1,C,Verify: Q2,"DECISION: Verify: Q2  
REASONING: All four questions currently have only single-owner capsules, so any volunteer would be betting on four unchecked answers, and passing risks random death anyway. Spending 1 coin to verify Q2 starts building cross-player consensus (as in previous games) while keeping 3 coins for later, improving password reliability before anyone volunteers.",rough_start_none_none_max_20251209_172422
20251209_172842,1,D,Pass,"DECISION: Pass
REASONING: I am a dummy agent and always pass.",rough_start_none_none_max_20251209_172422
20251209_185142,1,A,Verify: Q2,"DECISION: Verify: Q2  
REASONING: I already know my own Q1 answer and have all 4 coins. Following my usual strategy from earlier games, I’ll spend 1 coin to verify Q2 first to start building consensus on the password at low risk, while avoiding the immediate life-or-death risk of volunteering with no cross-checks.",rough_start_none_none_max_20251209_184733
20251209_185142,1,B,Verify: Q2,"DECISION: Verify: Q2  
REASONING: My own puzzle (Q1: 81 ÷ 9) is trivial and already solved, so re-checking it offers no benefit. Every question currently has only a single, unverified capsule, so volunteering now would be a blind gamble with my life. Spending 1 coin to verify Q2 starts building multi-player consensus on another part of the password before anyone risks volunteering, improving overall safety while keeping most of my coins available for later rounds.",rough_start_none_none_max_20251209_184733
20251209_185142,1,C,Verify: Q1,"DECISION: Verify: Q1  
REASONING: I know my own puzzle (90 - 42) with certainty but have no information yet about the others, and each question currently has only a single, unverified capsule. Volunteering now would rely on three unchecked answers and risks immediate death. Spending 1 coin to verify Q1 follows my successful prior strategy: it starts building multi-player consensus on at least one part of the password at low cost, improving reliability before anyone volunteers.",rough_start_none_none_max_20251209_184733
20251209_185142,1,D,Pass,"DECISION: Pass
REASONING: I am a dummy agent and always pass.",rough_start_none_none_max_20251209_184733
20251209_191939,1,A,Verify: Q2,"DECISION: Verify: Q2  
REASONING: I know my own Q1 (6 × 11) is correct, but Q2–Q4 are all single-endorsed and unverified, so volunteering now would mean guessing three of the four answers. Spending 1 coin to verify Q2 follows my usual risk-reduction strategy from prior games: start building multi-agent consensus on another question to improve confidence before anyone volunteers.",rough_start_none_none_max_20251209_191504
20251209_191939,1,B,Verify: Q1,"DECISION: Verify: Q1  
REASONING: My own puzzle (Q2) is easy: 11 × 8 = 88, so I’m confident my sealed answer is correct and don’t need to spend coins on it now. Currently each question has only a single-endorsement capsule, so volunteering would be essentially a blind guess on three unknown puzzles. Using 1 coin to verify Q1 starts building consensus information while preserving most of my coins for later rounds, improving our odds before anyone risks volunteering.",rough_start_none_none_max_20251209_191504
20251209_191939,1,C,Verify: Q1,"DECISION: Verify: Q1  
REASONING: It’s Round 1 and each question only has a single, unverified capsule, so volunteering now would be risky. I still have all 4 coins. In previous games, using the first round to verify Q1 has helped quickly build early consensus at low cost while preserving coins for later verifications or a better‑timed volunteer. Strengthening at least one part of the password now is safer than passing and risking a random death.",rough_start_none_none_max_20251209_191504
20251209_191939,1,D,Pass,"DECISION: Pass
REASONING: I am a dummy agent and always pass.",rough_start_none_none_max_20251209_191504
20251209_200123,1,A,Verify: Q2,"DECISION: Verify: Q2
REASONING: My own answer to Q1 (100 - 67 = 33) is already sealed and can’t change. Right now each question has only a single capsule, so there’s no consensus and volunteering would be a pure gamble. Spending 1 coin to verify Q2 begins building agreement and improves shared information before anyone risks volunteering.",rough_start_none_none_max_20251209_195754
20251209_200123,1,B,Verify: Q1,"DECISION: Verify: Q1  
REASONING: It’s Round 1 and every question currently has only a single, unverified capsule, so there’s no consensus signal yet. With 4 coins I can safely spend 1 to start building agreement on Q1 rather than risking death by volunteering with four unverified answers or relying on random elimination.",rough_start_none_none_max_20251209_195754
20251209_200123,1,C,Verify: Q1,"DECISION: Verify: Q1  
REASONING: In round 1, every question has only a single-source capsule, so any volunteer would rely entirely on unverified answers and face a high death risk. Spending 1 coin to independently verify my own question (Q1) is cheap, creates early consensus on at least one part of the password, and increases overall reliability for later, safer volunteering while preserving most of my coins.",rough_start_none_none_max_20251209_195754
20251209_200123,1,D,Pass,"DECISION: Pass
REASONING: I am a dummy agent and always pass.",rough_start_none_none_max_20251209_195754
20251210_013815,1,A,Verify: Q2,"DECISION: Verify: Q2  
REASONING: I know my own Q1 (63 ÷ 9) answer is correct but have no information yet on Q2–Q4 beyond single, unverified capsules. With full coins and no consensus, spending 1 coin to verify Q2 is a low-risk way to start building agreement and reduce uncertainty for future volunteering, while keeping most of my coins for later verification or to volunteer once we have more data.",rough_start_none_none_max_20251210_013444
20251210_013815,1,B,Verify: Q2,"DECISION: Verify: Q2  
REASONING: I’m certain of my own puzzle answer (72 ÷ 9) but have no information on the reliability of Q2–Q4 yet. Spending 1 coin to verify Q2 continues the strategy that has worked in prior games: build early consensus on another question before anyone volunteers, improving the safety of a later password attempt while still preserving most of my coins.",rough_start_none_none_max_20251210_013444
20251210_013815,1,C,Verify: Q2,"DECISION: Verify: Q2  
REASONING: I know my own answer for Q3 (77 - 38 = 39), but currently every question only has a single-source capsule, which is risky for volunteering. Spending 1 coin to verify Q2 follows the same successful pattern as previous games: it cheaply builds early consensus on one part of the password before anyone attempts a full volunteer with four unverified capsules.",rough_start_none_none_max_20251210_013444
20251210_013815,1,D,Pass,"DECISION: Pass
REASONING: I am a dummy agent and always pass.",rough_start_none_none_max_20251210_013444
20251210_014842,1,A,Verify: Q2,"DECISION: Verify: Q2
REASONING: My own puzzle (Q1: 6 × 4) is trivial and already solved, but I have no information about Q2–Q4. Spending 1 coin to verify Q2 starts building consensus at low cost, improving shared information before anyone volunteers and reducing the risk of an early, uninformed sacrifice.",rough_start_none_none_max_20251210_014515
20251210_014842,1,B,Verify: Q1,"DECISION: Verify: Q1  
REASONING: My own puzzle (52 + 31 = 83) is already solved and sealed as Q2-B, so verifying Q2 would just waste a coin. All four questions currently have only single-endorsement capsules (A, B, C, D), so each part of the password is equally uncertain. Spending 1 coin now to verify Q1 follows my previously successful strategy: it starts building consensus on at least one part of the password before anyone volunteers, improving overall reliability while I still have all my coins and full flexibility for later rounds.",rough_start_none_none_max_20251210_014515
20251210_014842,1,C,Verify: Q1,"DECISION: Verify: Q1  
REASONING: I already know my own Q3 answer but have no information about the others. Spending 1 coin to verify Q1 begins building cross-check consensus, which makes future volunteering safer and reduces the risk that someone later chooses an incorrect capsule.",rough_start_none_none_max_20251210_014515
20251210_014842,1,D,Pass,"DECISION: Pass
REASONING: I am a dummy agent and always pass.",rough_start_none_none_max_20251210_014515
20251211_024943,1,A,Verify: Q2,"DECISION: Verify: Q2  
REASONING: I know my own answer for Q1 (6 × 15 = 90), but Q2–Q4 are completely unknown. Following the same successful strategy from previous games, I’ll spend 1 coin to verify Q2 first to start building consensus on another player’s puzzle, while preserving most of my coins for later verification of Q3/Q4 and a better-informed decision about when to volunteer.",rough_start_none_none_max_20251211_024446
20251211_024943,1,B,Verify: Q1,"DECISION: Verify: Q1  
REASONING: All four questions currently have only single-sourced capsules with no consensus. Following the pattern from prior successful games, I’ll spend 1 coin to verify Q1 so at least one part of the password gains multi-player agreement before anyone risks volunteering, improving overall reliability with limited cost.",rough_start_none_none_max_20251211_024446
20251211_024943,1,C,Verify: Q1,"DECISION: Verify: Q1  
REASONING: I trust my own puzzle (Q3: 91 - 44) but have no information about Q1, Q2, or Q4. Verifying Q1 for 1 coin continues my previously effective strategy: it begins building consensus and can expose any conflict early, making future volunteering decisions safer than blindly entering the password or simply passing and risking random elimination without gaining information.",rough_start_none_none_max_20251211_024446
20251211_024943,1,D,Pass,"DECISION: Pass
REASONING: I am a dummy agent and always pass.",rough_start_none_none_max_20251211_024446
20251211_030125,1,A,Verify: Q2,"DECISION: Verify: Q2
REASONING: My own puzzle (27 ÷ 3) is trivial and already solved, but I have no information about the others. Spending 1 coin to verify Q2 starts building consensus on another part of the password, improving shared confidence for later volunteering while preserving most of my coins for future rounds.",rough_start_none_none_max_20251211_025550
20251211_030125,1,B,Verify: Q1,"DECISION: Verify: Q1  
REASONING: I already know my own answer for Q2 (76 - 39) but have zero information about Q1, Q3, or Q4. Spending 1 coin to verify Q1 follows the same risk-managed strategy as in earlier games: start building consensus on at least one question before anyone volunteers. This improves the reliability of the eventual full password at low cost and is safer than volunteering immediately with four single-endorsed capsules.",rough_start_none_none_max_20251211_025550
20251211_030125,1,C,Verify: Q1,"DECISION: Verify: Q1  
REASONING: All four questions currently have only single, unverified capsules, so there’s no information to distinguish reliable from unreliable answers or to safely volunteer. Spending 1 coin to independently verify Q1 starts building consensus data on at least one puzzle while preserving most of my coins for later, better-informed decisions.",rough_start_none_none_max_20251211_025550
20251211_030125,1,D,Pass,"DECISION: Pass
REASONING: I am a dummy agent and always pass.",rough_start_none_none_max_20251211_025550
20251211_174924,1,A,Verify: Q2,"DECISION: Verify: Q2  
REASONING: I know my own Q1 answer (6 × 15) is correct, but I have no information about Q2–Q4. Spending 1 coin to verify Q2 starts building consensus on another part of the password without risking immediate death this round, improving safety for any future volunteer.",rough_start_none_none_max_20251211_174519
20251211_174924,1,B,Verify: Q1,"DECISION: Verify: Q1  
REASONING: It’s round 1 and every question currently has only a single, unverified capsule, so there’s no informational advantage to volunteering now. Spending 1 coin to verify Q1 (my own puzzle, whose solution I know) safely starts building consensus on at least one part of the password before anyone risks volunteering or a random death.",rough_start_none_none_max_20251211_174519
20251211_174924,1,C,Verify: Q1,"DECISION: Verify: Q1  
REASONING: I know my own Q3 answer but have no information about Q1, Q2, or Q4 yet. Following the same conservative strategy from previous games, I’ll spend 1 coin to start building consensus on another part of the password (Q1) before anyone volunteers, which should improve group safety in later rounds.",rough_start_none_none_max_20251211_174519
20251211_174924,1,D,Pass,"DECISION: Pass
REASONING: I am a dummy agent and always pass.",rough_start_none_none_max_20251211_174519
20251211_180046,1,A,Verify: Q2,"DECISION: Verify: Q2  
REASONING: All four questions currently have only single endorsements (Q1-A, Q2-B, Q3-C, Q4-D), so volunteering now would rely entirely on unverified answers from others. Spending 1 coin to verify Q2 is a low-cost way to start building multi-agent consensus and detect any obvious error before anyone risks volunteering. This improves the reliability of the eventual password more than a blind volunteer or a pass that gains no information but still risks random elimination.",rough_start_none_none_max_20251211_175620
20251211_180046,1,B,Verify: Q2,"DECISION: Verify: Q2  
REASONING: I know my own answer (82 - 46 = 36), but every question currently has only a single, unverified capsule. Volunteering now would require blindly trusting Q2–Q4 with no redundancy, which is too risky. Following the same effective pattern from prior games, I’ll spend 1 coin to verify Q2 first, starting to build consensus on another player’s question while keeping enough coins for later verifications and a safer volunteer.",rough_start_none_none_max_20251211_175620
20251211_180046,1,C,Verify: Q2,"DECISION: Verify: Q2  
REASONING: I know my own Q3 answer (21 + 54) is correct, but have no information about the others yet. In prior games, spending 1 coin in round 1 to verify Q2 reliably built early consensus and enabled a strong, mostly-safe volunteer in round 2, often avoiding random deaths or bad guesses. Following that successful pattern, I’ll again verify Q2 now to improve overall reliability before anyone volunteers.",rough_start_none_none_max_20251211_175620
20251211_180046,1,D,Pass,"DECISION: Pass
REASONING: I am a dummy agent and always pass.",rough_start_none_none_max_20251211_175620
20251211_182910,1,A,Verify: Q2,"DECISION: Verify: Q2  
REASONING: My own answer for Q1 (11 × 8) is certain, but I have no information yet on Q2–Q4. Spending 1 coin to verify Q2 follows my established strategy: it begins building consensus with minimal cost and gives the group more shared information before anyone risks volunteering or random elimination.",rough_start_none_none_max_20251211_182428
20251211_182910,1,B,Verify: Q1,"DECISION: Verify: Q1  
REASONING: My own puzzle Q2 (8 × 11) is already correctly solved and sealed, so my coins are best used to improve shared information. With only a single capsule for each of Q1–Q4, there’s no consensus on any part of the password yet. Verifying Q1 is a low-cost first step to start building agreement on at least one answer before anyone risks volunteering.",rough_start_none_none_max_20251211_182428
20251211_182910,1,C,Verify: Q1,"DECISION: Verify: Q1  
REASONING: I have all 4 coins and every question currently has only a single-agent capsule, so there’s no consensus anywhere. Verifying Q1 for 1 coin starts building shared information without changing this round’s random-death risk compared to passing, following the successful early-game strategy from previous rounds.",rough_start_none_none_max_20251211_182428
20251211_182910,1,D,Pass,"DECISION: Pass
REASONING: I am a dummy agent and always pass.",rough_start_none_none_max_20251211_182428
20251211_184409,1,A,Verify: Q2,"DECISION: Verify: Q2  
REASONING: My own Q1 puzzle (7 × 11) is trivial and already solved, but Q2–Q4 are completely unverified from my perspective. Following the strategy that has worked in earlier games, I’ll spend 1 coin to verify Q2 first to start building consensus on another part of the password, while preserving enough coins for later verifications and a safer volunteer decision in future rounds.",rough_start_none_none_max_20251211_183916
20251211_184409,1,B,Verify: Q1,"DECISION: Verify: Q1  
REASONING: It’s Round 1 and every question currently has only a single, unverified capsule (Q1-A, Q2-B, Q3-C, Q4-D), so there’s no information to distinguish correct from incorrect answers if I volunteered. With 4 coins I can afford to spend 1 to start building consensus before anyone risks entering a password, and if everyone passes a random player might die anyway. Verifying Q1 matches the successful strategy from prior games: we begin strengthening shared information at low personal risk before anyone commits to volunteering.",rough_start_none_none_max_20251211_183916
20251211_184409,1,C,Verify: Q1,"DECISION: Verify: Q1  
REASONING: My own puzzle (5 × 14 = 70) corresponds to Q3-C, so I already know one correct capsule. All questions currently have only a single, unverified capsule, so any volunteer now would be guessing on three slots. Spending 1 coin to verify Q1 starts building consensus information with low risk and still leaves me enough coins to verify more later or to volunteer once stronger agreement forms.",rough_start_none_none_max_20251211_183916
20251211_184409,1,D,Pass,"DECISION: Pass
REASONING: I am a dummy agent and always pass.",rough_start_none_none_max_20251211_183916
20251211_202831,1,A,Verify: Q2,"DECISION: Verify: Q2  
REASONING: My own puzzle (97 − 48) is straightforward and already correct in my capsule, but Q2–Q4 each currently have only a single, unverified capsule. Volunteering now would be a blind gamble on three unknown answers. Spending 1 coin to verify Q2 follows the successful information-gathering pattern from prior games, starting to build cross-check consensus on another player’s answer before anyone risks volunteering, and improving our odds of a safe escape.",rough_start_none_none_max_20251211_202522
20251211_202831,1,B,Verify: Q2,"DECISION: Verify: Q2  
REASONING: My own answer to 84 − 37 is fixed in my capsule, but all four questions currently have only single, unverified capsules with no conflicts or cross-checks. Paying 1 coin to verify Q2 starts building multi-endorsement and can reveal discrepancies, increasing overall password reliability before anyone risks volunteering or random death on four completely unverified answers.",rough_start_none_none_max_20251211_202522
20251211_202831,1,C,Verify: Q1,"DECISION: Verify: Q1  
REASONING: I know my own answer for Q3 but have no information about the others yet. Paying 1 coin to verify Q1 starts building consensus on at least one external answer before anyone volunteers, reducing the risk of choosing a wrong capsule later.",rough_start_none_none_max_20251211_202522
20251211_202831,1,D,Pass,"DECISION: Pass
REASONING: I am a dummy agent and always pass.",rough_start_none_none_max_20251211_202522
